dataset,model,ablation,n_feat,acc,acc_std,prec,prec_std,rec,rec_std,f1,f1_std,prec_macro,prec_macro_std,rec_macro,rec_macro_std,f1_macro,f1_macro_std,prec_attack,prec_attack_std,rec_attack,rec_attack_std,f1_attack,f1_attack_std,dr,dr_std,far,far_std,fnr,fnr_std,tnr,tnr_std,bal_acc,bal_acc_std,mcc,mcc_std,auc,auc_std,prauc,prauc_std,n,n_attack,n_benign,tn,fp,fn,tp,n_folds
NSL-KDD,LightGBM,conventional,41,0.9873,0.0018,0.9873,0.0018,0.9873,0.0018,0.9873,0.0018,0.987,0.0017,0.9871,0.0019,0.9871,0.0018,0.9894,0.0027,0.9883,0.0015,0.9889,0.0015,0.9883,0.0015,0.014,0.0037,0.0117,0.0015,0.986,0.0037,0.9871,0.0019,0.9741,0.0036,0.9996,0.0001,0.9997,0.0001,22544,12833,9711,9575,136,150,12683,5
NSL-KDD,RandomForest,conventional,41,0.9852,0.0012,0.9852,0.0013,0.9852,0.0012,0.9852,0.0012,0.9845,0.0013,0.9852,0.0013,0.9849,0.0012,0.9893,0.0024,0.9846,0.0023,0.9869,0.0011,0.9846,0.0023,0.0141,0.0033,0.0154,0.0023,0.9859,0.0033,0.9852,0.0013,0.9697,0.0025,0.9993,0.0001,0.9995,0.0,22544,12833,9711,9574,137,198,12635,5
NSL-KDD,LightGBM,entropy_only,7,0.9783,0.0015,0.9784,0.0014,0.9783,0.0015,0.9783,0.0015,0.9774,0.0016,0.9785,0.0014,0.9779,0.0015,0.9848,0.0012,0.977,0.0026,0.9809,0.0013,0.977,0.0026,0.02,0.0017,0.023,0.0026,0.98,0.0017,0.9785,0.0014,0.9559,0.003,0.9972,0.0003,0.9978,0.0002,22544,12833,9711,9517,194,295,12538,5
NSL-KDD,RandomForest,entropy_only,7,0.9729,0.0032,0.9729,0.0032,0.9729,0.0032,0.9729,0.0032,0.9721,0.003,0.9726,0.0034,0.9723,0.0032,0.9778,0.0043,0.9745,0.0015,0.9761,0.0027,0.9745,0.0015,0.0292,0.0057,0.0255,0.0015,0.9708,0.0057,0.9726,0.0034,0.9447,0.0065,0.9959,0.0003,0.9967,0.0003,22544,12833,9711,9427,284,328,12505,5
NSL-KDD,LightGBM,combined,48,0.9871,0.0018,0.9871,0.0018,0.9871,0.0018,0.9871,0.0018,0.9868,0.002,0.9869,0.0018,0.9868,0.0019,0.9888,0.0018,0.9885,0.0027,0.9886,0.0016,0.9885,0.0027,0.0147,0.0024,0.0115,0.0027,0.9853,0.0024,0.9869,0.0018,0.9737,0.0037,0.9995,0.0001,0.9997,0.0001,22544,12833,9711,9568,143,148,12685,5
NSL-KDD,RandomForest,combined,48,0.9855,0.0017,0.9855,0.0016,0.9855,0.0017,0.9855,0.0017,0.9847,0.0017,0.9857,0.0017,0.9852,0.0017,0.9904,0.0021,0.9839,0.0021,0.9872,0.0015,0.9839,0.0021,0.0126,0.0028,0.0161,0.0021,0.9874,0.0028,0.9857,0.0017,0.9704,0.0034,0.9994,0.0001,0.9995,0.0,22544,12833,9711,9589,122,206,12627,5
CICIDS-2017,LightGBM,conventional,78,0.9989,0.0003,0.9989,0.0003,0.9989,0.0003,0.9989,0.0003,0.9977,0.0005,0.9987,0.0004,0.9982,0.0004,0.9958,0.001,0.9985,0.0005,0.9971,0.0007,0.9985,0.0005,0.001,0.0003,0.0015,0.0005,0.999,0.0003,0.9987,0.0004,0.9964,0.0009,0.9999,0.0,0.9997,0.0001,226862,44685,182177,181990,187,69,44616,5
CICIDS-2017,RandomForest,conventional,78,0.9977,0.0001,0.9977,0.0001,0.9977,0.0001,0.9977,0.0001,0.996,0.0003,0.9968,0.0003,0.9964,0.0003,0.9932,0.0007,0.9953,0.0008,0.9943,0.0004,0.9953,0.0008,0.0017,0.0002,0.0047,0.0008,0.9983,0.0002,0.9968,0.0003,0.9928,0.0005,0.9998,0.0,0.9993,0.0002,226862,44685,182177,181871,306,208,44477,5
CICIDS-2017,LightGBM,entropy_only,12,0.9638,0.0007,0.9682,0.0005,0.9638,0.0007,0.9648,0.0006,0.9249,0.0012,0.9721,0.0007,0.9459,0.0009,0.8534,0.0026,0.9858,0.0016,0.9148,0.0015,0.9858,0.0016,0.0415,0.0009,0.0142,0.0016,0.9585,0.0009,0.9721,0.0007,0.8958,0.0018,0.9959,0.0001,0.9793,0.0005,226862,44685,182177,174610,7567,635,44050,5
CICIDS-2017,RandomForest,entropy_only,12,0.9569,0.0012,0.963,0.0008,0.9569,0.0012,0.9582,0.0011,0.9124,0.0021,0.967,0.0007,0.9362,0.0016,0.8291,0.0045,0.9838,0.0012,0.8998,0.0024,0.9838,0.0012,0.0498,0.0016,0.0162,0.0012,0.9502,0.0016,0.967,0.0007,0.8778,0.0028,0.9945,0.0,0.9751,0.0002,226862,44685,182177,173112,9065,724,43961,5
CICIDS-2017,LightGBM,combined,90,0.9989,0.0002,0.9989,0.0002,0.9989,0.0002,0.9989,0.0002,0.9977,0.0004,0.9986,0.0003,0.9982,0.0003,0.9959,0.0006,0.9983,0.0006,0.9971,0.0005,0.9983,0.0006,0.001,0.0001,0.0017,0.0006,0.999,0.0001,0.9986,0.0003,0.9964,0.0006,0.9999,0.0,0.9998,0.0001,226862,44685,182177,181993,184,76,44609,5
CICIDS-2017,RandomForest,combined,90,0.9977,0.0002,0.9977,0.0002,0.9977,0.0002,0.9977,0.0002,0.996,0.0004,0.9968,0.0003,0.9964,0.0003,0.9932,0.0007,0.9952,0.0006,0.9942,0.0005,0.9952,0.0006,0.0017,0.0002,0.0048,0.0006,0.9983,0.0002,0.9968,0.0003,0.9927,0.0006,0.9998,0.0,0.9993,0.0002,226862,44685,182177,181870,307,214,44471,5
CICIDS-2018,LightGBM,conventional,77,0.7409,0.0031,0.7267,0.0025,0.7409,0.0031,0.7311,0.0024,0.6727,0.0041,0.6483,0.0021,0.6566,0.0025,0.5493,0.0078,0.4367,0.0054,0.4865,0.0033,0.4367,0.0054,0.1402,0.0055,0.5633,0.0054,0.8598,0.0055,0.6483,0.0021,0.32,0.0057,0.709,0.0028,0.583,0.0022,149999,42160,107839,92721,15118,23748,18412,5
CICIDS-2018,RandomForest,conventional,77,0.7466,0.0018,0.7301,0.0015,0.7466,0.0018,0.7339,0.0013,0.6803,0.0026,0.6471,0.0008,0.6573,0.0011,0.5666,0.0051,0.4198,0.0024,0.4822,0.001,0.4198,0.0024,0.1256,0.0032,0.5802,0.0024,0.8744,0.0032,0.6471,0.0008,0.3257,0.0031,0.7067,0.0022,0.5796,0.0014,149999,42160,107839,94297,13542,24462,17698,5
CICIDS-2018,LightGBM,entropy_only,12,0.7346,0.0018,0.7146,0.0021,0.7346,0.0018,0.7191,0.002,0.6613,0.0028,0.6272,0.0025,0.6363,0.0027,0.5394,0.0044,0.382,0.0045,0.4473,0.0044,0.382,0.0045,0.1275,0.0014,0.618,0.0045,0.8725,0.0014,0.6272,0.0025,0.2865,0.0053,0.6671,0.0028,0.4851,0.0039,149999,42160,107839,94088,13751,26055,16105,5
CICIDS-2018,RandomForest,entropy_only,12,0.7416,0.0019,0.7197,0.0022,0.7416,0.0019,0.7219,0.0018,0.6719,0.0032,0.6258,0.0019,0.6361,0.0022,0.5629,0.0057,0.3612,0.0022,0.4401,0.0031,0.3612,0.0022,0.1096,0.0021,0.6388,0.0022,0.8904,0.0021,0.6258,0.0019,0.2942,0.0049,0.6645,0.0023,0.4828,0.0037,149999,42160,107839,96014,11825,26931,15229,5
CICIDS-2018,LightGBM,combined,89,0.7409,0.002,0.7269,0.002,0.7409,0.002,0.7313,0.0019,0.6727,0.0027,0.6487,0.0022,0.657,0.0023,0.5491,0.0047,0.4381,0.0041,0.4873,0.0035,0.4381,0.0041,0.1407,0.0027,0.5619,0.0041,0.8593,0.0027,0.6487,0.0022,0.3206,0.0048,0.7089,0.0029,0.583,0.0024,149999,42160,107839,92671,15168,23691,18469,5
CICIDS-2018,RandomForest,combined,89,0.748,0.0017,0.7312,0.0017,0.748,0.0017,0.7348,0.0014,0.6823,0.0026,0.6473,0.0013,0.6578,0.0016,0.5707,0.0048,0.4175,0.0009,0.4822,0.0019,0.4175,0.0009,0.1228,0.0024,0.5825,0.0009,0.8772,0.0024,0.6473,0.0013,0.3278,0.0037,0.7065,0.0023,0.5794,0.0015,149999,42160,107839,94601,13238,24560,17600,5
UNSW-NB15,LightGBM,conventional,41,0.9925,0.0002,0.993,0.0002,0.9925,0.0002,0.9926,0.0002,0.9576,0.0016,0.9909,0.0005,0.9736,0.0008,0.916,0.0032,0.9891,0.0011,0.9512,0.0014,0.9891,0.0011,0.0073,0.0003,0.0109,0.0011,0.9927,0.0003,0.9909,0.0005,0.9479,0.0015,0.9996,0.0,0.995,0.0006,200000,14810,185190,183847,1343,161,14649,5
UNSW-NB15,RandomForest,conventional,41,0.9895,0.0004,0.9907,0.0003,0.9895,0.0004,0.9898,0.0004,0.9387,0.0025,0.9931,0.0005,0.964,0.0013,0.8777,0.0051,0.9973,0.0014,0.9337,0.0024,0.9973,0.0014,0.0111,0.0005,0.0027,0.0014,0.9889,0.0005,0.9931,0.0005,0.9302,0.0024,0.9995,0.0001,0.9932,0.0008,200000,14810,185190,183132,2058,40,14770,5
UNSW-NB15,LightGBM,entropy_only,11,0.9884,0.0002,0.9897,0.0001,0.9884,0.0002,0.9887,0.0002,0.9355,0.0018,0.9886,0.0011,0.9602,0.0006,0.872,0.0039,0.9887,0.0027,0.9267,0.0011,0.9887,0.0027,0.0116,0.0004,0.0113,0.0027,0.9884,0.0004,0.9886,0.0011,0.9226,0.001,0.999,0.0,0.9879,0.0004,200000,14810,185190,183040,2150,167,14643,5
UNSW-NB15,RandomForest,entropy_only,11,0.9872,0.0005,0.9888,0.0003,0.9872,0.0005,0.9877,0.0004,0.929,0.0029,0.9888,0.0015,0.9565,0.0015,0.8587,0.006,0.9907,0.0033,0.9199,0.0028,0.9907,0.0033,0.0131,0.0007,0.0093,0.0033,0.9869,0.0007,0.9888,0.0015,0.9158,0.0027,0.9987,0.0,0.9833,0.0008,200000,14810,185190,182774,2416,138,14672,5
UNSW-NB15,LightGBM,combined,52,0.9925,0.0003,0.9929,0.0002,0.9925,0.0003,0.9926,0.0003,0.9575,0.0015,0.991,0.0006,0.9735,0.0009,0.9158,0.0029,0.9892,0.0011,0.9511,0.0016,0.9892,0.0011,0.0073,0.0003,0.0108,0.0011,0.9927,0.0003,0.991,0.0006,0.9478,0.0017,0.9996,0.0001,0.995,0.0006,200000,14810,185190,183843,1347,160,14650,5
UNSW-NB15,RandomForest,combined,52,0.9897,0.0005,0.9909,0.0004,0.9897,0.0005,0.99,0.0005,0.9399,0.0029,0.9932,0.0005,0.9647,0.0016,0.88,0.0059,0.9973,0.0014,0.935,0.003,0.9973,0.0014,0.0109,0.0006,0.0027,0.0014,0.9891,0.0006,0.9932,0.0005,0.9316,0.003,0.9995,0.0001,0.9933,0.0007,200000,14810,185190,183176,2014,40,14770,5
