model,dataset,f1_conv,conv_lo,conv_hi,f1_ent,ent_lo,ent_hi,f1_comb,comb_lo,comb_hi,gap_ent_pp,ent_below_conv_all_folds,wilcoxon_ent_vs_conv_p,wilcoxon_comb_vs_conv_p
LightGBM,NSL-KDD,0.98734,0.9848995695055228,0.9897804304944772,0.9783200000000001,0.9762658058517026,0.9803741941482975,0.98708,0.9845362549958426,0.9896237450041573,0.9019999999999917,True,0.0625,0.625
LightGBM,CICIDS-2017,0.99888,0.9985033846623304,0.9992566153376696,0.96478,0.9639134999948528,0.9656465000051472,0.9988800000000001,0.998625534602851,0.9991344653971492,3.410000000000002,True,0.0625,1.0
LightGBM,CICIDS-2018,0.7311200000000001,0.7278402672955094,0.7343997327044908,0.7191,0.7163110888775408,0.7218889111224591,0.7313000000000001,0.7286807069263374,0.7339192930736628,1.2020000000000142,True,0.0625,0.8125
LightGBM,UNSW-NB15,0.9926,0.9922834365521916,0.9929165634478084,0.98872,0.9884508136597663,0.9889891863402338,0.9926,0.9922379958478457,0.9929620041521544,0.38799999999999946,True,0.0625,1.0
LightGBM,ALL (pooled folds),,,,,,,,,,1.4754999999999852,True,8.794879347050151e-05,
RandomForest,NSL-KDD,0.9851599999999999,0.9834336851117441,0.9868863148882557,0.9728600000000001,0.968471284191355,0.9772487158086451,0.98546,0.9831427076588638,0.9877772923411362,1.2299999999999867,True,0.0625,0.5
RandomForest,CICIDS-2017,0.99774,0.9975322298732633,0.9979477701267366,0.9581999999999999,0.9566392525555337,0.9597607474444662,0.9977199999999999,0.9974368570446035,0.9980031429553964,3.954000000000002,True,0.0625,1.0
RandomForest,CICIDS-2018,0.7339,0.732163889075528,0.735636110924472,0.72188,0.7193575572192288,0.7244024427807711,0.7347600000000001,0.7327547991383886,0.7367652008616116,1.202000000000003,True,0.0625,0.0625
RandomForest,UNSW-NB15,0.9898199999999999,0.989283061070894,0.9903569389291058,0.98766,0.9870542511929061,0.9882657488070938,0.99002,0.9893724272861165,0.9906675727138835,0.21599999999999397,True,0.0625,0.25
RandomForest,ALL (pooled folds),,,,,,,,,,1.650499999999988,True,8.819870204194453e-05,
