dataset,model,ablation,n,n_attack,n_benign,tn,fp,fn,tp,acc,prec,rec,f1,prec_macro,rec_macro,f1_macro,prec_attack,rec_attack,f1_attack,dr,far,fnr,tnr,bal_acc,mcc,auc,prauc,fold
NSL-KDD,LightGBM,conventional,4509,2567,1942,1914,28,29,2538,0.9874,0.9874,0.9874,0.9874,0.9871,0.9871,0.9871,0.9891,0.9887,0.9889,0.9887,0.0144,0.0113,0.9856,0.9871,0.9742,0.9996,0.9997,1
NSL-KDD,LightGBM,conventional,4509,2567,1942,1913,29,33,2534,0.9862,0.9863,0.9862,0.9863,0.9859,0.9861,0.986,0.9887,0.9871,0.9879,0.9871,0.0149,0.0129,0.9851,0.9861,0.972,0.9995,0.9996,2
NSL-KDD,LightGBM,conventional,4509,2567,1942,1904,38,26,2541,0.9858,0.9858,0.9858,0.9858,0.9859,0.9852,0.9855,0.9853,0.9899,0.9876,0.9899,0.0196,0.0101,0.9804,0.9852,0.971,0.9995,0.9996,3
NSL-KDD,LightGBM,conventional,4509,2566,1943,1927,16,26,2540,0.9907,0.9907,0.9907,0.9907,0.9902,0.9908,0.9905,0.9937,0.9899,0.9918,0.9899,0.0082,0.0101,0.9918,0.9908,0.981,0.9997,0.9998,4
NSL-KDD,LightGBM,conventional,4508,2566,1942,1917,25,36,2530,0.9865,0.9865,0.9865,0.9865,0.9859,0.9865,0.9862,0.9902,0.986,0.9881,0.986,0.0129,0.014,0.9871,0.9865,0.9724,0.9995,0.9996,5
NSL-KDD,RandomForest,conventional,4509,2567,1942,1923,19,46,2521,0.9856,0.9857,0.9856,0.9856,0.9846,0.9861,0.9853,0.9925,0.9821,0.9873,0.9821,0.0098,0.0179,0.9902,0.9861,0.9707,0.9993,0.9995,1
NSL-KDD,RandomForest,conventional,4509,2567,1942,1910,32,38,2529,0.9845,0.9845,0.9845,0.9845,0.984,0.9844,0.9842,0.9875,0.9852,0.9863,0.9852,0.0165,0.0148,0.9835,0.9844,0.9684,0.9993,0.9995,2
NSL-KDD,RandomForest,conventional,4509,2567,1942,1905,37,35,2532,0.984,0.984,0.984,0.984,0.9838,0.9837,0.9837,0.9856,0.9864,0.986,0.9864,0.0191,0.0136,0.9809,0.9837,0.9674,0.9993,0.9995,3
NSL-KDD,RandomForest,conventional,4509,2566,1943,1918,25,32,2534,0.9874,0.9874,0.9874,0.9874,0.9869,0.9873,0.9871,0.9902,0.9875,0.9889,0.9875,0.0129,0.0125,0.9871,0.9873,0.9742,0.9995,0.9996,4
NSL-KDD,RandomForest,conventional,4508,2566,1942,1918,24,47,2519,0.9843,0.9843,0.9843,0.9843,0.9833,0.9847,0.984,0.9906,0.9817,0.9861,0.9817,0.0124,0.0183,0.9876,0.9847,0.968,0.9993,0.9995,5
NSL-KDD,LightGBM,entropy_only,4509,2567,1942,1899,43,56,2511,0.978,0.9781,0.978,0.9781,0.9773,0.978,0.9776,0.9832,0.9782,0.9807,0.9782,0.0221,0.0218,0.9779,0.978,0.9553,0.9972,0.9978,1
NSL-KDD,LightGBM,entropy_only,4509,2567,1942,1905,37,56,2511,0.9794,0.9794,0.9794,0.9794,0.9785,0.9796,0.979,0.9855,0.9782,0.9818,0.9782,0.0191,0.0218,0.9809,0.9796,0.958,0.9977,0.9981,2
NSL-KDD,LightGBM,entropy_only,4509,2567,1942,1900,42,54,2513,0.9787,0.9787,0.9787,0.9787,0.978,0.9787,0.9783,0.9836,0.979,0.9813,0.979,0.0216,0.021,0.9784,0.9787,0.9566,0.9971,0.9977,3
NSL-KDD,LightGBM,entropy_only,4509,2566,1943,1909,34,57,2509,0.9798,0.9799,0.9798,0.9798,0.9788,0.9801,0.9795,0.9866,0.9778,0.9822,0.9778,0.0175,0.0222,0.9825,0.9801,0.959,0.9972,0.9977,4
NSL-KDD,LightGBM,entropy_only,4508,2566,1942,1904,38,72,2494,0.9756,0.9758,0.9756,0.9756,0.9743,0.9762,0.9752,0.985,0.9719,0.9784,0.9719,0.0196,0.0281,0.9804,0.9762,0.9505,0.9969,0.9975,5
NSL-KDD,RandomForest,entropy_only,4509,2567,1942,1873,69,65,2502,0.9703,0.9703,0.9703,0.9703,0.9698,0.9696,0.9697,0.9732,0.9747,0.9739,0.9747,0.0355,0.0253,0.9645,0.9696,0.9394,0.9959,0.9968,1
NSL-KDD,RandomForest,entropy_only,4509,2567,1942,1893,49,63,2504,0.9752,0.9752,0.9752,0.9752,0.9743,0.9751,0.9747,0.9808,0.9755,0.9781,0.9755,0.0252,0.0245,0.9748,0.9751,0.9494,0.9963,0.997,2
NSL-KDD,RandomForest,entropy_only,4509,2567,1942,1884,58,65,2502,0.9727,0.9727,0.9727,0.9727,0.972,0.9724,0.9722,0.9773,0.9747,0.976,0.9747,0.0299,0.0253,0.9701,0.9724,0.9444,0.9954,0.9963,3
NSL-KDD,RandomForest,entropy_only,4509,2566,1943,1903,40,62,2504,0.9774,0.9775,0.9774,0.9774,0.9764,0.9776,0.977,0.9843,0.9758,0.98,0.9758,0.0206,0.0242,0.9794,0.9776,0.954,0.9961,0.997,4
NSL-KDD,RandomForest,entropy_only,4508,2566,1942,1874,68,73,2493,0.9687,0.9687,0.9687,0.9687,0.968,0.9683,0.9681,0.9734,0.9716,0.9725,0.9716,0.035,0.0284,0.965,0.9683,0.9362,0.9957,0.9966,5
NSL-KDD,LightGBM,combined,4509,2567,1942,1917,25,30,2537,0.9878,0.9878,0.9878,0.9878,0.9874,0.9877,0.9876,0.9902,0.9883,0.9893,0.9883,0.0129,0.0117,0.9871,0.9877,0.9751,0.9995,0.9997,1
NSL-KDD,LightGBM,combined,4509,2567,1942,1910,32,32,2535,0.9858,0.9858,0.9858,0.9858,0.9855,0.9855,0.9855,0.9875,0.9875,0.9875,0.9875,0.0165,0.0125,0.9835,0.9855,0.9711,0.9995,0.9997,2
NSL-KDD,LightGBM,combined,4509,2567,1942,1906,36,24,2543,0.9867,0.9867,0.9867,0.9867,0.9868,0.9861,0.9864,0.986,0.9907,0.9883,0.9907,0.0185,0.0093,0.9815,0.9861,0.9729,0.9995,0.9996,3
NSL-KDD,LightGBM,combined,4509,2566,1943,1920,23,21,2545,0.9902,0.9902,0.9902,0.9902,0.9901,0.99,0.9901,0.991,0.9918,0.9914,0.9918,0.0118,0.0082,0.9882,0.99,0.9801,0.9997,0.9998,4
NSL-KDD,LightGBM,combined,4508,2566,1942,1915,27,41,2525,0.9849,0.9849,0.9849,0.9849,0.9842,0.9851,0.9846,0.9894,0.984,0.9867,0.984,0.0139,0.016,0.9861,0.9851,0.9693,0.9995,0.9996,5
NSL-KDD,RandomForest,combined,4509,2567,1942,1922,20,43,2524,0.986,0.9861,0.986,0.986,0.9851,0.9865,0.9858,0.9921,0.9832,0.9877,0.9832,0.0103,0.0168,0.9897,0.9865,0.9716,0.9994,0.9995,1
NSL-KDD,RandomForest,combined,4509,2567,1942,1911,31,39,2528,0.9845,0.9845,0.9845,0.9845,0.9839,0.9844,0.9842,0.9879,0.9848,0.9863,0.9848,0.016,0.0152,0.984,0.9844,0.9684,0.9993,0.9995,2
NSL-KDD,RandomForest,combined,4509,2567,1942,1911,31,41,2526,0.984,0.9841,0.984,0.984,0.9834,0.984,0.9837,0.9879,0.984,0.9859,0.984,0.016,0.016,0.984,0.984,0.9675,0.9993,0.9995,3
NSL-KDD,RandomForest,combined,4509,2566,1943,1924,19,33,2533,0.9885,0.9885,0.9885,0.9885,0.9878,0.9887,0.9883,0.9926,0.9871,0.9898,0.9871,0.0098,0.0129,0.9902,0.9887,0.9765,0.9995,0.9996,4
NSL-KDD,RandomForest,combined,4508,2566,1942,1921,21,50,2516,0.9843,0.9844,0.9843,0.9843,0.9832,0.9849,0.984,0.9917,0.9805,0.9861,0.9805,0.0108,0.0195,0.9892,0.9849,0.968,0.9994,0.9995,5
CICIDS-2017,LightGBM,conventional,45373,8937,36436,36406,30,6,8931,0.9992,0.9992,0.9992,0.9992,0.9982,0.9993,0.9987,0.9967,0.9993,0.998,0.9993,0.0008,0.0007,0.9992,0.9993,0.9975,1.0,0.9999,1
CICIDS-2017,LightGBM,conventional,45373,8937,36436,36392,44,20,8917,0.9986,0.9986,0.9986,0.9986,0.9973,0.9983,0.9978,0.9951,0.9978,0.9964,0.9978,0.0012,0.0022,0.9988,0.9983,0.9955,0.9999,0.9997,2
CICIDS-2017,LightGBM,conventional,45372,8937,36435,36385,50,15,8922,0.9986,0.9986,0.9986,0.9986,0.997,0.9985,0.9977,0.9944,0.9983,0.9964,0.9983,0.0014,0.0017,0.9986,0.9985,0.9955,0.9999,0.9996,3
CICIDS-2017,LightGBM,conventional,45372,8937,36435,36398,37,17,8920,0.9988,0.9988,0.9988,0.9988,0.9977,0.9985,0.9981,0.9959,0.9981,0.997,0.9981,0.001,0.0019,0.999,0.9985,0.9962,0.9999,0.9997,4
CICIDS-2017,LightGBM,conventional,45372,8937,36435,36409,26,11,8926,0.9992,0.9992,0.9992,0.9992,0.9984,0.999,0.9987,0.9971,0.9988,0.9979,0.9988,0.0007,0.0012,0.9993,0.999,0.9974,1.0,0.9998,5
CICIDS-2017,RandomForest,conventional,45373,8937,36436,36382,54,36,8901,0.998,0.998,0.998,0.998,0.9965,0.9972,0.9969,0.994,0.996,0.995,0.996,0.0015,0.004,0.9985,0.9972,0.9937,0.9999,0.9994,1
CICIDS-2017,RandomForest,conventional,45373,8937,36436,36369,67,43,8894,0.9976,0.9976,0.9976,0.9976,0.9957,0.9967,0.9962,0.9925,0.9952,0.9939,0.9952,0.0018,0.0048,0.9982,0.9967,0.9923,0.9998,0.9991,2
CICIDS-2017,RandomForest,conventional,45372,8937,36435,36372,63,47,8890,0.9976,0.9976,0.9976,0.9976,0.9958,0.9965,0.9962,0.993,0.9947,0.9939,0.9947,0.0017,0.0053,0.9983,0.9965,0.9923,0.9998,0.9991,3
CICIDS-2017,RandomForest,conventional,45372,8937,36435,36366,69,32,8905,0.9978,0.9978,0.9978,0.9978,0.9957,0.9973,0.9965,0.9923,0.9964,0.9944,0.9964,0.0019,0.0036,0.9981,0.9973,0.993,0.9998,0.9992,4
CICIDS-2017,RandomForest,conventional,45372,8937,36435,36382,53,50,8887,0.9977,0.9977,0.9977,0.9977,0.9963,0.9965,0.9964,0.9941,0.9944,0.9942,0.9944,0.0015,0.0056,0.9985,0.9965,0.9928,0.9999,0.9995,5
CICIDS-2017,LightGBM,entropy_only,45373,8937,36436,34893,1543,111,8826,0.9635,0.9681,0.9635,0.9645,0.924,0.9726,0.9456,0.8512,0.9876,0.9143,0.9876,0.0423,0.0124,0.9577,0.9726,0.8953,0.996,0.9791,1
CICIDS-2017,LightGBM,entropy_only,45373,8937,36436,34934,1502,109,8828,0.9645,0.9689,0.9645,0.9654,0.9257,0.9733,0.9469,0.8546,0.9878,0.9164,0.9878,0.0412,0.0122,0.9588,0.9733,0.8978,0.9961,0.9798,2
CICIDS-2017,LightGBM,entropy_only,45372,8937,36435,34947,1488,143,8794,0.9641,0.9682,0.9641,0.965,0.9256,0.9716,0.9462,0.8553,0.984,0.9151,0.984,0.0408,0.016,0.9592,0.9716,0.896,0.9958,0.9792,3
CICIDS-2017,LightGBM,entropy_only,45372,8937,36435,34876,1559,133,8804,0.9627,0.9673,0.9627,0.9637,0.9229,0.9712,0.9443,0.8496,0.9851,0.9123,0.9851,0.0428,0.0149,0.9572,0.9712,0.8927,0.9957,0.9785,4
CICIDS-2017,LightGBM,entropy_only,45372,8937,36435,34960,1475,139,8798,0.9644,0.9685,0.9644,0.9653,0.9262,0.972,0.9467,0.8564,0.9844,0.916,0.9844,0.0405,0.0156,0.9595,0.972,0.897,0.9959,0.9798,5
CICIDS-2017,RandomForest,entropy_only,45373,8937,36436,34552,1884,137,8800,0.9555,0.9621,0.9555,0.9569,0.9099,0.9665,0.9343,0.8237,0.9847,0.897,0.9847,0.0517,0.0153,0.9483,0.9665,0.8745,0.9945,0.975,1
CICIDS-2017,RandomForest,entropy_only,45373,8937,36436,34639,1797,129,8808,0.9576,0.9636,0.9576,0.9589,0.9134,0.9681,0.9372,0.8306,0.9856,0.9014,0.9856,0.0493,0.0144,0.9507,0.9681,0.8798,0.9946,0.9752,2
CICIDS-2017,RandomForest,entropy_only,45372,8937,36435,34666,1769,155,8782,0.9576,0.9634,0.9576,0.9589,0.9139,0.9671,0.9371,0.8323,0.9827,0.9013,0.9827,0.0486,0.0173,0.9514,0.9671,0.8794,0.9945,0.9751,3
CICIDS-2017,RandomForest,entropy_only,45372,8937,36435,34558,1877,146,8791,0.9554,0.962,0.9554,0.9568,0.9099,0.9661,0.9342,0.8241,0.9837,0.8968,0.9837,0.0515,0.0163,0.9485,0.9661,0.8742,0.9945,0.9748,4
CICIDS-2017,RandomForest,entropy_only,45372,8937,36435,34697,1738,157,8780,0.9582,0.9638,0.9582,0.9595,0.9151,0.9674,0.938,0.8348,0.9824,0.9026,0.9824,0.0477,0.0176,0.9523,0.9674,0.8809,0.9945,0.9755,5
CICIDS-2017,LightGBM,combined,45373,8937,36436,36402,34,8,8929,0.9991,0.9991,0.9991,0.9991,0.998,0.9991,0.9985,0.9962,0.9991,0.9977,0.9991,0.0009,0.0009,0.9991,0.9991,0.9971,1.0,0.9999,1
CICIDS-2017,LightGBM,combined,45373,8937,36436,36397,39,22,8915,0.9987,0.9987,0.9987,0.9987,0.9975,0.9982,0.9979,0.9956,0.9975,0.9966,0.9975,0.0011,0.0025,0.9989,0.9982,0.9958,0.9999,0.9997,2
CICIDS-2017,LightGBM,combined,45372,8937,36435,36391,44,17,8920,0.9987,0.9987,0.9987,0.9987,0.9973,0.9984,0.9979,0.9951,0.9981,0.9966,0.9981,0.0012,0.0019,0.9988,0.9984,0.9958,0.9999,0.9997,3
CICIDS-2017,LightGBM,combined,45372,8937,36435,36396,39,17,8920,0.9988,0.9988,0.9988,0.9988,0.9976,0.9985,0.9981,0.9956,0.9981,0.9969,0.9981,0.0011,0.0019,0.9989,0.9985,0.9961,0.9999,0.9997,4
CICIDS-2017,LightGBM,combined,45372,8937,36435,36407,28,12,8925,0.9991,0.9991,0.9991,0.9991,0.9983,0.9989,0.9986,0.9969,0.9987,0.9978,0.9987,0.0008,0.0013,0.9992,0.9989,0.9972,1.0,0.9998,5
CICIDS-2017,RandomForest,combined,45373,8937,36436,36380,56,37,8900,0.998,0.998,0.998,0.998,0.9964,0.9972,0.9968,0.9937,0.9959,0.9948,0.9959,0.0015,0.0041,0.9985,0.9972,0.9935,0.9998,0.9994,1
CICIDS-2017,RandomForest,combined,45373,8937,36436,36364,72,47,8890,0.9974,0.9974,0.9974,0.9974,0.9953,0.9964,0.9959,0.992,0.9947,0.9934,0.9947,0.002,0.0053,0.998,0.9964,0.9917,0.9998,0.9991,2
CICIDS-2017,RandomForest,combined,45372,8937,36435,36374,61,48,8889,0.9976,0.9976,0.9976,0.9976,0.9959,0.9965,0.9962,0.9932,0.9946,0.9939,0.9946,0.0017,0.0054,0.9983,0.9965,0.9924,0.9998,0.9991,3
CICIDS-2017,RandomForest,combined,45372,8937,36435,36370,65,36,8901,0.9978,0.9978,0.9978,0.9978,0.9959,0.9971,0.9965,0.9928,0.996,0.9944,0.996,0.0018,0.004,0.9982,0.9971,0.993,0.9998,0.9992,4
CICIDS-2017,RandomForest,combined,45372,8937,36435,36382,53,46,8891,0.9978,0.9978,0.9978,0.9978,0.9964,0.9967,0.9966,0.9941,0.9949,0.9945,0.9949,0.0015,0.0051,0.9985,0.9967,0.9931,0.9999,0.9995,5
CICIDS-2018,LightGBM,conventional,30000,8432,21568,18472,3096,4743,3689,0.7387,0.7249,0.7387,0.7294,0.6697,0.647,0.6549,0.5437,0.4375,0.4849,0.4375,0.1435,0.5625,0.8565,0.647,0.3159,0.712,0.5852,1
CICIDS-2018,LightGBM,conventional,30000,8432,21568,18589,2979,4785,3647,0.7412,0.7265,0.7412,0.7309,0.6728,0.6472,0.6558,0.5504,0.4325,0.4844,0.4325,0.1381,0.5675,0.8619,0.6472,0.319,0.7058,0.5794,2
CICIDS-2018,LightGBM,conventional,30000,8432,21568,18729,2839,4814,3618,0.7449,0.7294,0.7449,0.7336,0.6779,0.6487,0.6582,0.5603,0.4291,0.486,0.4291,0.1316,0.5709,0.8684,0.6487,0.3253,0.7061,0.5824,3
CICIDS-2018,LightGBM,conventional,30000,8432,21568,18553,3015,4687,3745,0.7433,0.7296,0.7433,0.7339,0.6762,0.6522,0.6606,0.554,0.4441,0.493,0.4441,0.1398,0.5559,0.8602,0.6522,0.3275,0.7123,0.5854,4
CICIDS-2018,LightGBM,conventional,29999,8432,21567,18378,3189,4719,3713,0.7364,0.7232,0.7364,0.7278,0.6668,0.6462,0.6536,0.538,0.4403,0.4843,0.4403,0.1479,0.5597,0.8521,0.6462,0.3124,0.7086,0.5825,5
CICIDS-2018,RandomForest,conventional,30000,8432,21568,18954,2614,4905,3527,0.7494,0.7326,0.7494,0.736,0.6844,0.6485,0.6593,0.5743,0.4183,0.484,0.4183,0.1212,0.5817,0.8788,0.6485,0.331,0.7086,0.5809,1
CICIDS-2018,RandomForest,conventional,30000,8432,21568,18867,2701,4905,3527,0.7465,0.7298,0.7465,0.7336,0.68,0.6465,0.6567,0.5663,0.4183,0.4812,0.4183,0.1252,0.5817,0.8748,0.6465,0.3248,0.7045,0.577,2
CICIDS-2018,RandomForest,conventional,30000,8432,21568,18835,2733,4880,3552,0.7462,0.7298,0.7462,0.7337,0.6797,0.6473,0.6573,0.5652,0.4213,0.4827,0.4213,0.1267,0.5787,0.8733,0.6473,0.3253,0.7038,0.5795,3
CICIDS-2018,RandomForest,conventional,30000,8432,21568,18897,2671,4913,3519,0.7472,0.7304,0.7472,0.7341,0.6811,0.6467,0.6571,0.5685,0.4173,0.4813,0.4173,0.1238,0.5827,0.8762,0.6467,0.326,0.7094,0.5805,4
CICIDS-2018,RandomForest,conventional,29999,8432,21567,18744,2823,4859,3573,0.7439,0.7279,0.7439,0.7321,0.6764,0.6464,0.6559,0.5586,0.4237,0.4819,0.4237,0.1309,0.5763,0.8691,0.6464,0.3214,0.7072,0.58,5
CICIDS-2018,LightGBM,entropy_only,30000,8432,21568,18843,2725,5151,3281,0.7375,0.7181,0.7375,0.7224,0.6658,0.6314,0.6408,0.5463,0.3891,0.4545,0.3891,0.1263,0.6109,0.8737,0.6314,0.2952,0.6714,0.4921,1
CICIDS-2018,LightGBM,entropy_only,30000,8432,21568,18794,2774,5251,3181,0.7325,0.7121,0.7325,0.7167,0.6579,0.6243,0.6331,0.5342,0.3773,0.4422,0.3773,0.1286,0.6227,0.8714,0.6243,0.2802,0.6638,0.4801,2
CICIDS-2018,LightGBM,entropy_only,30000,8432,21568,18865,2703,5240,3192,0.7352,0.7148,0.7352,0.7191,0.662,0.6266,0.6358,0.5415,0.3786,0.4456,0.3786,0.1253,0.6214,0.8747,0.6266,0.2865,0.6651,0.4836,3
CICIDS-2018,LightGBM,entropy_only,30000,8432,21568,18802,2766,5183,3249,0.735,0.7154,0.735,0.7199,0.662,0.6285,0.6376,0.5401,0.3853,0.4498,0.3853,0.1282,0.6147,0.8718,0.6285,0.2886,0.669,0.4857,4
CICIDS-2018,LightGBM,entropy_only,29999,8432,21567,18784,2783,5230,3202,0.7329,0.7127,0.7329,0.7174,0.6586,0.6254,0.6342,0.535,0.3797,0.4442,0.3797,0.129,0.6203,0.871,0.6254,0.282,0.666,0.4842,5
CICIDS-2018,RandomForest,entropy_only,30000,8432,21568,19273,2295,5361,3071,0.7448,0.7233,0.7448,0.7249,0.6773,0.6289,0.6397,0.5723,0.3642,0.4451,0.3642,0.1064,0.6358,0.8936,0.6289,0.3024,0.6679,0.4894,1
CICIDS-2018,RandomForest,entropy_only,30000,8432,21568,19199,2369,5413,3019,0.7406,0.7183,0.7406,0.7206,0.6702,0.6241,0.6342,0.5603,0.358,0.4369,0.358,0.1098,0.642,0.8902,0.6241,0.2907,0.6636,0.4793,2
CICIDS-2018,RandomForest,entropy_only,30000,8432,21568,19227,2341,5385,3047,0.7425,0.7206,0.7425,0.7226,0.6734,0.6264,0.6368,0.5655,0.3614,0.441,0.3614,0.1085,0.6386,0.8915,0.6264,0.2961,0.662,0.4817,3
CICIDS-2018,RandomForest,entropy_only,30000,8432,21568,19175,2393,5373,3059,0.7411,0.7193,0.7411,0.7217,0.6711,0.6259,0.6361,0.5611,0.3628,0.4407,0.3628,0.111,0.6372,0.889,0.6259,0.2936,0.6664,0.4838,4
CICIDS-2018,RandomForest,entropy_only,29999,8432,21567,19140,2427,5399,3033,0.7391,0.7169,0.7391,0.7196,0.6677,0.6236,0.6335,0.5555,0.3597,0.4367,0.3597,0.1125,0.6403,0.8875,0.6236,0.288,0.6627,0.4797,5
CICIDS-2018,LightGBM,combined,30000,8432,21568,18573,2995,4724,3708,0.7427,0.7286,0.7427,0.733,0.6752,0.6504,0.659,0.5532,0.4398,0.49,0.4398,0.1389,0.5602,0.8611,0.6504,0.3247,0.7123,0.586,1
CICIDS-2018,LightGBM,combined,30000,8432,21568,18566,3002,4798,3634,0.74,0.7252,0.74,0.7297,0.6711,0.6459,0.6544,0.5476,0.431,0.4823,0.431,0.1392,0.569,0.8608,0.6459,0.316,0.7043,0.5789,2
CICIDS-2018,LightGBM,combined,30000,8432,21568,18587,2981,4742,3690,0.7426,0.7283,0.7426,0.7326,0.6749,0.6497,0.6583,0.5531,0.4376,0.4886,0.4376,0.1382,0.5624,0.8618,0.6497,0.3237,0.7079,0.5834,3
CICIDS-2018,LightGBM,combined,30000,8432,21568,18518,3050,4690,3742,0.742,0.7285,0.742,0.7328,0.6744,0.6512,0.6594,0.5509,0.4438,0.4916,0.4438,0.1414,0.5562,0.8586,0.6512,0.3248,0.7118,0.5845,4
CICIDS-2018,LightGBM,combined,29999,8432,21567,18427,3140,4737,3695,0.7374,0.7239,0.7374,0.7284,0.6681,0.6463,0.654,0.5406,0.4382,0.4841,0.4382,0.1456,0.5618,0.8544,0.6463,0.3136,0.7084,0.5822,5
CICIDS-2018,RandomForest,combined,30000,8432,21568,18978,2590,4909,3523,0.75,0.7332,0.75,0.7365,0.6854,0.6489,0.6597,0.5763,0.4178,0.4844,0.4178,0.1201,0.5822,0.8799,0.6489,0.3323,0.7092,0.5813,1
CICIDS-2018,RandomForest,combined,30000,8432,21568,18902,2666,4926,3506,0.7469,0.73,0.7469,0.7337,0.6807,0.6461,0.6565,0.568,0.4158,0.4801,0.4158,0.1236,0.5842,0.8764,0.6461,0.3249,0.7049,0.5768,2
CICIDS-2018,RandomForest,combined,30000,8432,21568,18970,2598,4907,3525,0.7498,0.733,0.7498,0.7363,0.6851,0.6488,0.6596,0.5757,0.4181,0.4844,0.4181,0.1205,0.5819,0.8795,0.6488,0.3319,0.7034,0.5794,3
CICIDS-2018,RandomForest,combined,30000,8432,21568,18915,2653,4915,3517,0.7477,0.7309,0.7477,0.7345,0.6819,0.647,0.6575,0.57,0.4171,0.4817,0.4171,0.123,0.5829,0.877,0.647,0.3271,0.709,0.5804,4
CICIDS-2018,RandomForest,combined,29999,8432,21567,18836,2731,4903,3529,0.7455,0.7289,0.7455,0.7328,0.6786,0.6459,0.6559,0.5637,0.4185,0.4804,0.4185,0.1266,0.5815,0.8734,0.6459,0.3229,0.7062,0.5792,5
UNSW-NB15,LightGBM,conventional,40000,2962,37038,36772,266,36,2926,0.9925,0.9929,0.9925,0.9926,0.9578,0.9903,0.9734,0.9167,0.9878,0.9509,0.9878,0.0072,0.0122,0.9928,0.9903,0.9476,0.9996,0.9944,1
UNSW-NB15,LightGBM,conventional,40000,2962,37038,36786,252,36,2926,0.9928,0.9932,0.9928,0.9929,0.9599,0.9905,0.9746,0.9207,0.9878,0.9531,0.9878,0.0068,0.0122,0.9932,0.9905,0.9499,0.9996,0.9957,2
UNSW-NB15,LightGBM,conventional,40000,2962,37038,36751,287,30,2932,0.9921,0.9926,0.9921,0.9922,0.955,0.9911,0.9722,0.9108,0.9899,0.9487,0.9899,0.0077,0.0101,0.9923,0.9911,0.9454,0.9995,0.9943,3
UNSW-NB15,LightGBM,conventional,40000,2962,37038,36765,273,28,2934,0.9925,0.993,0.9925,0.9926,0.9571,0.9916,0.9736,0.9149,0.9905,0.9512,0.9905,0.0074,0.0095,0.9926,0.9916,0.948,0.9996,0.9954,4
UNSW-NB15,LightGBM,conventional,40000,2962,37038,36773,265,31,2931,0.9926,0.9931,0.9926,0.9927,0.9581,0.9912,0.974,0.9171,0.9895,0.9519,0.9895,0.0072,0.0105,0.9928,0.9912,0.9487,0.9996,0.9952,5
UNSW-NB15,RandomForest,conventional,40000,2962,37038,36630,408,7,2955,0.9896,0.9908,0.9896,0.9899,0.9392,0.9933,0.9644,0.8787,0.9976,0.9344,0.9976,0.011,0.0024,0.989,0.9933,0.931,0.9994,0.992,1
UNSW-NB15,RandomForest,conventional,40000,2962,37038,36657,381,14,2948,0.9901,0.9912,0.9901,0.9904,0.9426,0.9925,0.9659,0.8856,0.9953,0.9372,0.9953,0.0103,0.0047,0.9897,0.9925,0.9337,0.9995,0.9934,2
UNSW-NB15,RandomForest,conventional,40000,2962,37038,36603,435,8,2954,0.9889,0.9903,0.9889,0.9893,0.9357,0.9928,0.9621,0.8716,0.9973,0.9302,0.9973,0.0117,0.0027,0.9883,0.9928,0.9267,0.9994,0.9929,3
UNSW-NB15,RandomForest,conventional,40000,2962,37038,36606,432,1,2961,0.9892,0.9905,0.9892,0.9895,0.9363,0.994,0.963,0.8727,0.9997,0.9319,0.9997,0.0117,0.0003,0.9883,0.994,0.9285,0.9996,0.9944,4
UNSW-NB15,RandomForest,conventional,40000,2962,37038,36636,402,10,2952,0.9897,0.9909,0.9897,0.99,0.9399,0.9929,0.9646,0.8801,0.9966,0.9348,0.9966,0.0109,0.0034,0.9891,0.9929,0.9313,0.9995,0.9935,5
UNSW-NB15,LightGBM,entropy_only,40000,2962,37038,36599,439,31,2931,0.9882,0.9896,0.9882,0.9886,0.9344,0.9888,0.9597,0.8697,0.9895,0.9258,0.9895,0.0119,0.0105,0.9881,0.9888,0.9217,0.999,0.9872,1
UNSW-NB15,LightGBM,entropy_only,40000,2962,37038,36630,408,46,2916,0.9887,0.9897,0.9887,0.9889,0.938,0.9867,0.9608,0.8773,0.9845,0.9278,0.9845,0.011,0.0155,0.989,0.9867,0.9234,0.999,0.9882,2
UNSW-NB15,LightGBM,entropy_only,40000,2962,37038,36587,451,22,2940,0.9882,0.9896,0.9882,0.9885,0.9332,0.9902,0.9596,0.867,0.9926,0.9255,0.9926,0.0122,0.0074,0.9878,0.9902,0.9216,0.999,0.988,3
UNSW-NB15,LightGBM,entropy_only,40000,2962,37038,36601,437,31,2931,0.9883,0.9896,0.9883,0.9886,0.9347,0.9889,0.9599,0.8702,0.9895,0.9261,0.9895,0.0118,0.0105,0.9882,0.9889,0.922,0.9991,0.9881,4
UNSW-NB15,LightGBM,entropy_only,40000,2962,37038,36623,415,37,2925,0.9887,0.9899,0.9887,0.989,0.9374,0.9882,0.9611,0.8757,0.9875,0.9283,0.9875,0.0112,0.0125,0.9888,0.9882,0.9241,0.999,0.9879,5
UNSW-NB15,RandomForest,entropy_only,40000,2962,37038,36559,479,25,2937,0.9874,0.989,0.9874,0.9878,0.9295,0.9893,0.9571,0.8598,0.9916,0.921,0.9916,0.0129,0.0084,0.9871,0.9893,0.9169,0.9986,0.9823,1
UNSW-NB15,RandomForest,entropy_only,40000,2962,37038,36579,459,46,2916,0.9874,0.9888,0.9874,0.9878,0.9314,0.986,0.9567,0.864,0.9845,0.9203,0.9845,0.0124,0.0155,0.9876,0.986,0.9158,0.9986,0.9824,2
UNSW-NB15,RandomForest,entropy_only,40000,2962,37038,36513,525,16,2946,0.9865,0.9884,0.9865,0.987,0.9242,0.9902,0.9543,0.8487,0.9946,0.9159,0.9946,0.0142,0.0054,0.9858,0.9902,0.912,0.9987,0.9838,3
UNSW-NB15,RandomForest,entropy_only,40000,2962,37038,36543,495,27,2935,0.9869,0.9886,0.9869,0.9874,0.9275,0.9888,0.9556,0.8557,0.9909,0.9183,0.9909,0.0134,0.0091,0.9866,0.9888,0.9142,0.9987,0.9839,4
UNSW-NB15,RandomForest,entropy_only,40000,2962,37038,36580,458,24,2938,0.9879,0.9894,0.9879,0.9883,0.9322,0.9898,0.9588,0.8651,0.9919,0.9242,0.9919,0.0124,0.0081,0.9876,0.9898,0.9202,0.9987,0.984,5
UNSW-NB15,LightGBM,combined,40000,2962,37038,36763,275,33,2929,0.9923,0.9928,0.9923,0.9924,0.9566,0.9907,0.9729,0.9142,0.9889,0.95,0.9889,0.0074,0.0111,0.9926,0.9907,0.9467,0.9995,0.9943,1
UNSW-NB15,LightGBM,combined,40000,2962,37038,36785,253,35,2927,0.9928,0.9932,0.9928,0.9929,0.9597,0.9907,0.9746,0.9204,0.9882,0.9531,0.9882,0.0068,0.0118,0.9932,0.9907,0.9499,0.9997,0.9958,2
UNSW-NB15,LightGBM,combined,40000,2962,37038,36754,284,34,2928,0.992,0.9926,0.992,0.9922,0.9553,0.9904,0.9721,0.9116,0.9885,0.9485,0.9885,0.0077,0.0115,0.9923,0.9904,0.9451,0.9996,0.9945,3
UNSW-NB15,LightGBM,combined,40000,2962,37038,36769,269,26,2936,0.9926,0.9931,0.9926,0.9928,0.9577,0.992,0.9741,0.9161,0.9912,0.9522,0.9912,0.0073,0.0088,0.9927,0.992,0.949,0.9996,0.9955,4
UNSW-NB15,LightGBM,combined,40000,2962,37038,36772,266,32,2930,0.9926,0.993,0.9926,0.9927,0.958,0.991,0.9738,0.9168,0.9892,0.9516,0.9892,0.0072,0.0108,0.9928,0.991,0.9484,0.9996,0.9951,5
UNSW-NB15,RandomForest,combined,40000,2962,37038,36630,408,7,2955,0.9896,0.9908,0.9896,0.9899,0.9392,0.9933,0.9644,0.8787,0.9976,0.9344,0.9976,0.011,0.0024,0.989,0.9933,0.931,0.9994,0.9922,1
UNSW-NB15,RandomForest,combined,40000,2962,37038,36669,369,13,2949,0.9905,0.9914,0.9905,0.9907,0.9442,0.9928,0.967,0.8888,0.9956,0.9392,0.9956,0.01,0.0044,0.99,0.9928,0.9358,0.9995,0.9934,2
UNSW-NB15,RandomForest,combined,40000,2962,37038,36603,435,8,2954,0.9889,0.9903,0.9889,0.9893,0.9357,0.9928,0.9621,0.8716,0.9973,0.9302,0.9973,0.0117,0.0027,0.9883,0.9928,0.9267,0.9995,0.9932,3
UNSW-NB15,RandomForest,combined,40000,2962,37038,36624,414,1,2961,0.9896,0.9909,0.9896,0.9899,0.9387,0.9942,0.9644,0.8773,0.9997,0.9345,0.9997,0.0112,0.0003,0.9888,0.9942,0.9312,0.9996,0.9944,4
UNSW-NB15,RandomForest,combined,40000,2962,37038,36650,388,11,2951,0.99,0.9911,0.99,0.9903,0.9417,0.9929,0.9656,0.8838,0.9963,0.9367,0.9963,0.0105,0.0037,0.9895,0.9929,0.9333,0.9995,0.9934,5
