dataset,model,n,n_attack,n_benign,tn,fp,fn,tp,acc,prec,rec,f1,prec_macro,rec_macro,f1_macro,prec_attack,rec_attack,f1_attack,dr,far,fnr,tnr,bal_acc,mcc,auc,prauc,fold
NSL-KDD,LightGBM,4509,2567,1942,1917,25,30,2537,0.9878,0.9878,0.9878,0.9878,0.9874,0.9877,0.9876,0.9902,0.9883,0.9893,0.9883,0.0129,0.0117,0.9871,0.9877,0.9751,0.9995,0.9997,1
NSL-KDD,LightGBM,4509,2567,1942,1910,32,32,2535,0.9858,0.9858,0.9858,0.9858,0.9855,0.9855,0.9855,0.9875,0.9875,0.9875,0.9875,0.0165,0.0125,0.9835,0.9855,0.9711,0.9995,0.9997,2
NSL-KDD,LightGBM,4509,2567,1942,1906,36,24,2543,0.9867,0.9867,0.9867,0.9867,0.9868,0.9861,0.9864,0.986,0.9907,0.9883,0.9907,0.0185,0.0093,0.9815,0.9861,0.9729,0.9995,0.9996,3
NSL-KDD,LightGBM,4509,2566,1943,1920,23,21,2545,0.9902,0.9902,0.9902,0.9902,0.9901,0.99,0.9901,0.991,0.9918,0.9914,0.9918,0.0118,0.0082,0.9882,0.99,0.9801,0.9997,0.9998,4
NSL-KDD,LightGBM,4508,2566,1942,1915,27,41,2525,0.9849,0.9849,0.9849,0.9849,0.9842,0.9851,0.9846,0.9894,0.984,0.9867,0.984,0.0139,0.016,0.9861,0.9851,0.9693,0.9995,0.9996,5
NSL-KDD,Random Forest,4509,2567,1942,1922,20,43,2524,0.986,0.9861,0.986,0.986,0.9851,0.9865,0.9858,0.9921,0.9832,0.9877,0.9832,0.0103,0.0168,0.9897,0.9865,0.9716,0.9994,0.9995,1
NSL-KDD,Random Forest,4509,2567,1942,1911,31,39,2528,0.9845,0.9845,0.9845,0.9845,0.9839,0.9844,0.9842,0.9879,0.9848,0.9863,0.9848,0.016,0.0152,0.984,0.9844,0.9684,0.9993,0.9995,2
NSL-KDD,Random Forest,4509,2567,1942,1911,31,41,2526,0.984,0.9841,0.984,0.984,0.9834,0.984,0.9837,0.9879,0.984,0.9859,0.984,0.016,0.016,0.984,0.984,0.9675,0.9993,0.9995,3
NSL-KDD,Random Forest,4509,2566,1943,1924,19,33,2533,0.9885,0.9885,0.9885,0.9885,0.9878,0.9887,0.9883,0.9926,0.9871,0.9898,0.9871,0.0098,0.0129,0.9902,0.9887,0.9765,0.9995,0.9996,4
NSL-KDD,Random Forest,4508,2566,1942,1921,21,50,2516,0.9843,0.9844,0.9843,0.9843,0.9832,0.9849,0.984,0.9917,0.9805,0.9861,0.9805,0.0108,0.0195,0.9892,0.9849,0.968,0.9994,0.9995,5
NSL-KDD,XGBoost,4509,2567,1942,1920,22,30,2537,0.9885,0.9885,0.9885,0.9885,0.988,0.9885,0.9882,0.9914,0.9883,0.9899,0.9883,0.0113,0.0117,0.9887,0.9885,0.9765,0.9995,0.9997,1
NSL-KDD,XGBoost,4509,2567,1942,1911,31,26,2541,0.9874,0.9874,0.9874,0.9874,0.9873,0.987,0.9871,0.9879,0.9899,0.9889,0.9899,0.016,0.0101,0.984,0.987,0.9742,0.9995,0.9997,2
NSL-KDD,XGBoost,4509,2567,1942,1904,38,26,2541,0.9858,0.9858,0.9858,0.9858,0.9859,0.9852,0.9855,0.9853,0.9899,0.9876,0.9899,0.0196,0.0101,0.9804,0.9852,0.971,0.9994,0.9996,3
NSL-KDD,XGBoost,4509,2566,1943,1922,21,18,2548,0.9914,0.9913,0.9914,0.9913,0.9913,0.9911,0.9912,0.9918,0.993,0.9924,0.993,0.0108,0.007,0.9892,0.9911,0.9824,0.9997,0.9998,4
NSL-KDD,XGBoost,4508,2566,1942,1916,26,36,2530,0.9862,0.9863,0.9862,0.9863,0.9857,0.9863,0.986,0.9898,0.986,0.9879,0.986,0.0134,0.014,0.9866,0.9863,0.972,0.9995,0.9996,5
NSL-KDD,CatBoost,4509,2567,1942,1917,25,35,2532,0.9867,0.9867,0.9867,0.9867,0.9861,0.9867,0.9864,0.9902,0.9864,0.9883,0.9864,0.0129,0.0136,0.9871,0.9867,0.9729,0.9995,0.9996,1
NSL-KDD,CatBoost,4509,2567,1942,1916,26,39,2528,0.9856,0.9856,0.9856,0.9856,0.9849,0.9857,0.9853,0.9898,0.9848,0.9873,0.9848,0.0134,0.0152,0.9866,0.9857,0.9706,0.9994,0.9996,2
NSL-KDD,CatBoost,4509,2567,1942,1911,31,34,2533,0.9856,0.9856,0.9856,0.9856,0.9852,0.9854,0.9853,0.9879,0.9868,0.9873,0.9868,0.016,0.0132,0.984,0.9854,0.9706,0.9994,0.9996,3
NSL-KDD,CatBoost,4509,2566,1943,1924,19,23,2543,0.9907,0.9907,0.9907,0.9907,0.9904,0.9906,0.9905,0.9926,0.991,0.9918,0.991,0.0098,0.009,0.9902,0.9906,0.981,0.9997,0.9998,4
NSL-KDD,CatBoost,4508,2566,1942,1927,15,44,2522,0.9869,0.987,0.9869,0.9869,0.9859,0.9876,0.9867,0.9941,0.9829,0.9884,0.9829,0.0077,0.0171,0.9923,0.9876,0.9734,0.9994,0.9996,5
NSL-KDD,MLP,4509,2567,1942,1844,98,71,2496,0.9625,0.9625,0.9625,0.9625,0.9626,0.9609,0.9617,0.9622,0.9723,0.9673,0.9723,0.0505,0.0277,0.9495,0.9609,0.9235,0.9799,0.9663,1
NSL-KDD,MLP,4509,2567,1942,1894,48,51,2516,0.978,0.978,0.978,0.978,0.9775,0.9777,0.9776,0.9813,0.9801,0.9807,0.9801,0.0247,0.0199,0.9753,0.9777,0.9552,0.9923,0.9877,2
NSL-KDD,MLP,4509,2567,1942,1782,160,61,2506,0.951,0.9516,0.951,0.9508,0.9534,0.9469,0.9497,0.94,0.9762,0.9578,0.9762,0.0824,0.0238,0.9176,0.9469,0.9003,0.9641,0.9403,3
NSL-KDD,MLP,4509,2566,1943,1790,153,46,2520,0.9559,0.9566,0.9559,0.9557,0.9589,0.9517,0.9547,0.9428,0.9821,0.962,0.9821,0.0787,0.0179,0.9213,0.9517,0.9105,0.9676,0.9516,4
NSL-KDD,MLP,4508,2566,1942,1867,75,79,2487,0.9658,0.9658,0.9658,0.9658,0.9651,0.9653,0.9652,0.9707,0.9692,0.97,0.9692,0.0386,0.0308,0.9614,0.9653,0.9304,0.9875,0.9816,5
NSL-KDD,TabNet,4509,2567,1942,1885,57,90,2477,0.9674,0.9676,0.9674,0.9674,0.966,0.9678,0.9668,0.9775,0.9649,0.9712,0.9649,0.0294,0.0351,0.9706,0.9678,0.9338,0.9941,0.9922,1
NSL-KDD,TabNet,4509,2567,1942,1863,79,58,2509,0.9696,0.9696,0.9696,0.9696,0.9696,0.9684,0.969,0.9695,0.9774,0.9734,0.9774,0.0407,0.0226,0.9593,0.9684,0.938,0.9952,0.9958,2
NSL-KDD,TabNet,4509,2567,1942,1880,62,47,2520,0.9758,0.9758,0.9758,0.9758,0.9758,0.9749,0.9753,0.976,0.9817,0.9788,0.9817,0.0319,0.0183,0.9681,0.9749,0.9507,0.9977,0.9983,3
NSL-KDD,TabNet,4509,2566,1943,1899,44,66,2500,0.9756,0.9757,0.9756,0.9756,0.9746,0.9758,0.9752,0.9827,0.9743,0.9785,0.9743,0.0226,0.0257,0.9774,0.9758,0.9504,0.9976,0.9982,4
NSL-KDD,TabNet,4508,2566,1942,1857,85,46,2520,0.9709,0.971,0.9709,0.9709,0.9716,0.9692,0.9703,0.9674,0.9821,0.9747,0.9821,0.0438,0.0179,0.9562,0.9692,0.9407,0.9966,0.9973,5
NSL-KDD,FT-Transformer,4509,2567,1942,1901,41,65,2502,0.9765,0.9766,0.9765,0.9765,0.9754,0.9768,0.9761,0.9839,0.9747,0.9793,0.9747,0.0211,0.0253,0.9789,0.9768,0.9522,0.9986,0.9989,1
NSL-KDD,FT-Transformer,4509,2567,1942,1903,39,46,2521,0.9811,0.9812,0.9811,0.9812,0.9806,0.981,0.9808,0.9848,0.9821,0.9834,0.9821,0.0201,0.0179,0.9799,0.981,0.9616,0.9989,0.9991,2
NSL-KDD,FT-Transformer,4509,2567,1942,1890,52,31,2536,0.9816,0.9816,0.9816,0.9816,0.9819,0.9806,0.9812,0.9799,0.9879,0.9839,0.9879,0.0268,0.0121,0.9732,0.9806,0.9625,0.9986,0.9989,3
NSL-KDD,FT-Transformer,4509,2566,1943,1929,14,53,2513,0.9851,0.9853,0.9851,0.9852,0.9839,0.9861,0.9849,0.9945,0.9793,0.9868,0.9793,0.0072,0.0207,0.9928,0.9861,0.9699,0.9987,0.999,4
NSL-KDD,FT-Transformer,4508,2566,1942,1903,39,56,2510,0.9789,0.979,0.9789,0.9789,0.9781,0.979,0.9785,0.9847,0.9782,0.9814,0.9782,0.0201,0.0218,0.9799,0.979,0.9571,0.9977,0.9981,5
CICIDS-2017,LightGBM,45373,8937,36436,36402,34,8,8929,0.9991,0.9991,0.9991,0.9991,0.998,0.9991,0.9985,0.9962,0.9991,0.9977,0.9991,0.0009,0.0009,0.9991,0.9991,0.9971,1.0,0.9999,1
CICIDS-2017,LightGBM,45373,8937,36436,36397,39,22,8915,0.9987,0.9987,0.9987,0.9987,0.9975,0.9982,0.9979,0.9956,0.9975,0.9966,0.9975,0.0011,0.0025,0.9989,0.9982,0.9958,0.9999,0.9997,2
CICIDS-2017,LightGBM,45372,8937,36435,36391,44,17,8920,0.9987,0.9987,0.9987,0.9987,0.9973,0.9984,0.9979,0.9951,0.9981,0.9966,0.9981,0.0012,0.0019,0.9988,0.9984,0.9958,0.9999,0.9997,3
CICIDS-2017,LightGBM,45372,8937,36435,36396,39,17,8920,0.9988,0.9988,0.9988,0.9988,0.9976,0.9985,0.9981,0.9956,0.9981,0.9969,0.9981,0.0011,0.0019,0.9989,0.9985,0.9961,0.9999,0.9997,4
CICIDS-2017,LightGBM,45372,8937,36435,36407,28,12,8925,0.9991,0.9991,0.9991,0.9991,0.9983,0.9989,0.9986,0.9969,0.9987,0.9978,0.9987,0.0008,0.0013,0.9992,0.9989,0.9972,1.0,0.9998,5
CICIDS-2017,Random Forest,45373,8937,36436,36380,56,37,8900,0.998,0.998,0.998,0.998,0.9964,0.9972,0.9968,0.9937,0.9959,0.9948,0.9959,0.0015,0.0041,0.9985,0.9972,0.9935,0.9998,0.9994,1
CICIDS-2017,Random Forest,45373,8937,36436,36364,72,47,8890,0.9974,0.9974,0.9974,0.9974,0.9953,0.9964,0.9959,0.992,0.9947,0.9934,0.9947,0.002,0.0053,0.998,0.9964,0.9917,0.9998,0.9991,2
CICIDS-2017,Random Forest,45372,8937,36435,36374,61,48,8889,0.9976,0.9976,0.9976,0.9976,0.9959,0.9965,0.9962,0.9932,0.9946,0.9939,0.9946,0.0017,0.0054,0.9983,0.9965,0.9924,0.9998,0.9991,3
CICIDS-2017,Random Forest,45372,8937,36435,36370,65,36,8901,0.9978,0.9978,0.9978,0.9978,0.9959,0.9971,0.9965,0.9928,0.996,0.9944,0.996,0.0018,0.004,0.9982,0.9971,0.993,0.9998,0.9992,4
CICIDS-2017,Random Forest,45372,8937,36435,36382,53,46,8891,0.9978,0.9978,0.9978,0.9978,0.9964,0.9967,0.9966,0.9941,0.9949,0.9945,0.9949,0.0015,0.0051,0.9985,0.9967,0.9931,0.9999,0.9995,5
CICIDS-2017,XGBoost,45373,8937,36436,36401,35,17,8920,0.9989,0.9989,0.9989,0.9989,0.9978,0.9986,0.9982,0.9961,0.9981,0.9971,0.9981,0.001,0.0019,0.999,0.9986,0.9964,0.9999,0.9998,1
CICIDS-2017,XGBoost,45373,8937,36436,36391,45,23,8914,0.9985,0.9985,0.9985,0.9985,0.9972,0.9981,0.9976,0.995,0.9974,0.9962,0.9974,0.0012,0.0026,0.9988,0.9981,0.9953,0.9999,0.9997,2
CICIDS-2017,XGBoost,45372,8937,36435,36394,41,23,8914,0.9986,0.9986,0.9986,0.9986,0.9974,0.9982,0.9978,0.9954,0.9974,0.9964,0.9974,0.0011,0.0026,0.9989,0.9982,0.9955,0.9999,0.9996,3
CICIDS-2017,XGBoost,45372,8937,36435,36392,43,21,8916,0.9986,0.9986,0.9986,0.9986,0.9973,0.9982,0.9978,0.9952,0.9977,0.9964,0.9977,0.0012,0.0023,0.9988,0.9982,0.9955,0.9999,0.9996,4
CICIDS-2017,XGBoost,45372,8937,36435,36400,35,19,8918,0.9988,0.9988,0.9988,0.9988,0.9978,0.9985,0.9981,0.9961,0.9979,0.997,0.9979,0.001,0.0021,0.999,0.9985,0.9962,0.9999,0.9998,5
CICIDS-2017,CatBoost,45373,8937,36436,36372,64,7,8930,0.9984,0.9984,0.9984,0.9984,0.9963,0.9987,0.9975,0.9929,0.9992,0.996,0.9992,0.0018,0.0008,0.9982,0.9987,0.9951,0.9999,0.9995,1
CICIDS-2017,CatBoost,45373,8937,36436,36370,66,10,8927,0.9983,0.9983,0.9983,0.9983,0.9962,0.9985,0.9974,0.9927,0.9989,0.9958,0.9989,0.0018,0.0011,0.9982,0.9985,0.9947,0.9998,0.9993,2
CICIDS-2017,CatBoost,45372,8937,36435,36358,77,10,8927,0.9981,0.9981,0.9981,0.9981,0.9956,0.9984,0.997,0.9914,0.9989,0.9952,0.9989,0.0021,0.0011,0.9979,0.9984,0.994,0.9998,0.9991,3
CICIDS-2017,CatBoost,45372,8937,36435,36352,83,11,8926,0.9979,0.9979,0.9979,0.9979,0.9952,0.9982,0.9967,0.9908,0.9988,0.9948,0.9988,0.0023,0.0012,0.9977,0.9982,0.9935,0.9997,0.9993,4
CICIDS-2017,CatBoost,45372,8937,36435,36365,70,8,8929,0.9983,0.9983,0.9983,0.9983,0.996,0.9986,0.9973,0.9922,0.9991,0.9957,0.9991,0.0019,0.0009,0.9981,0.9986,0.9946,0.9999,0.9997,5
CICIDS-2017,MLP,45373,8937,36436,34715,1721,764,8173,0.9452,0.9484,0.9452,0.9463,0.9023,0.9336,0.9167,0.8261,0.9145,0.868,0.9145,0.0472,0.0855,0.9528,0.9336,0.8353,0.9564,0.8154,1
CICIDS-2017,MLP,45373,8937,36436,34487,1949,627,8310,0.9432,0.9482,0.9432,0.9447,0.8961,0.9382,0.9149,0.81,0.9298,0.8658,0.9298,0.0535,0.0702,0.9465,0.9382,0.8332,0.9612,0.8018,2
CICIDS-2017,MLP,45372,8937,36435,34616,1819,747,8190,0.9434,0.9472,0.9434,0.9446,0.8986,0.9332,0.9144,0.8183,0.9164,0.8646,0.9164,0.0499,0.0836,0.9501,0.9332,0.8311,0.9515,0.7942,3
CICIDS-2017,MLP,45372,8937,36435,35210,1225,1530,7407,0.9393,0.9386,0.9393,0.9389,0.9082,0.8976,0.9028,0.8581,0.8288,0.8432,0.8288,0.0336,0.1712,0.9664,0.8976,0.8057,0.9158,0.7828,4
CICIDS-2017,MLP,45372,8937,36435,35560,875,1379,7558,0.9503,0.9496,0.9503,0.9498,0.9295,0.9108,0.9198,0.8962,0.8457,0.8702,0.8457,0.024,0.1543,0.976,0.9108,0.8401,0.9527,0.8473,5
CICIDS-2017,TabNet,45373,8937,36436,35853,583,574,8363,0.9745,0.9745,0.9745,0.9745,0.9595,0.9599,0.9597,0.9348,0.9358,0.9353,0.9358,0.016,0.0642,0.984,0.9599,0.9194,0.9935,0.9799,1
CICIDS-2017,TabNet,45373,8937,36436,35972,464,487,8450,0.979,0.979,0.979,0.979,0.9673,0.9664,0.9668,0.9479,0.9455,0.9467,0.9455,0.0127,0.0545,0.9873,0.9664,0.9337,0.9961,0.9858,2
CICIDS-2017,TabNet,45372,8937,36435,35767,668,818,8119,0.9672,0.9671,0.9672,0.9671,0.9508,0.9451,0.9479,0.924,0.9085,0.9162,0.9085,0.0183,0.0915,0.9817,0.9451,0.8959,0.9889,0.9676,3
CICIDS-2017,TabNet,45372,8937,36435,35927,508,641,8296,0.9747,0.9746,0.9747,0.9746,0.9624,0.9572,0.9597,0.9423,0.9283,0.9352,0.9283,0.0139,0.0717,0.9861,0.9572,0.9195,0.994,0.9779,4
CICIDS-2017,TabNet,45372,8937,36435,36172,263,527,8410,0.9826,0.9825,0.9826,0.9825,0.9777,0.9669,0.9722,0.9697,0.941,0.9551,0.941,0.0072,0.059,0.9928,0.9669,0.9445,0.9965,0.9886,5
CICIDS-2017,FT-Transformer,45373,8937,36436,36196,240,30,8907,0.994,0.9942,0.994,0.9941,0.9865,0.995,0.9907,0.9738,0.9966,0.9851,0.9966,0.0066,0.0034,0.9934,0.995,0.9815,0.9997,0.9988,1
CICIDS-2017,FT-Transformer,45373,8937,36436,36125,311,18,8919,0.9927,0.993,0.9927,0.9928,0.9829,0.9947,0.9887,0.9663,0.998,0.9819,0.998,0.0085,0.002,0.9915,0.9947,0.9776,0.9997,0.9988,2
CICIDS-2017,FT-Transformer,45372,8937,36435,36031,404,42,8895,0.9902,0.9905,0.9902,0.9902,0.9777,0.9921,0.9847,0.9566,0.9953,0.9755,0.9953,0.0111,0.0047,0.9889,0.9921,0.9697,0.9995,0.9981,3
CICIDS-2017,FT-Transformer,45372,8937,36435,35990,445,19,8918,0.9898,0.9902,0.9898,0.9899,0.976,0.9928,0.9841,0.9525,0.9979,0.9746,0.9979,0.0122,0.0021,0.9878,0.9928,0.9687,0.9995,0.9978,4
CICIDS-2017,FT-Transformer,45372,8937,36435,36102,333,17,8920,0.9923,0.9925,0.9923,0.9923,0.9818,0.9945,0.988,0.964,0.9981,0.9808,0.9981,0.0091,0.0019,0.9909,0.9945,0.9762,0.9997,0.999,5
CICIDS-2018,LightGBM,30000,8432,21568,18573,2995,4724,3708,0.7427,0.7286,0.7427,0.733,0.6752,0.6504,0.659,0.5532,0.4398,0.49,0.4398,0.1389,0.5602,0.8611,0.6504,0.3247,0.7123,0.586,1
CICIDS-2018,LightGBM,30000,8432,21568,18566,3002,4798,3634,0.74,0.7252,0.74,0.7297,0.6711,0.6459,0.6544,0.5476,0.431,0.4823,0.431,0.1392,0.569,0.8608,0.6459,0.316,0.7043,0.5789,2
CICIDS-2018,LightGBM,30000,8432,21568,18587,2981,4742,3690,0.7426,0.7283,0.7426,0.7326,0.6749,0.6497,0.6583,0.5531,0.4376,0.4886,0.4376,0.1382,0.5624,0.8618,0.6497,0.3237,0.7079,0.5834,3
CICIDS-2018,LightGBM,30000,8432,21568,18518,3050,4690,3742,0.742,0.7285,0.742,0.7328,0.6744,0.6512,0.6594,0.5509,0.4438,0.4916,0.4438,0.1414,0.5562,0.8586,0.6512,0.3248,0.7118,0.5845,4
CICIDS-2018,LightGBM,29999,8432,21567,18427,3140,4737,3695,0.7374,0.7239,0.7374,0.7284,0.6681,0.6463,0.654,0.5406,0.4382,0.4841,0.4382,0.1456,0.5618,0.8544,0.6463,0.3136,0.7084,0.5822,5
CICIDS-2018,Random Forest,30000,8432,21568,18978,2590,4909,3523,0.75,0.7332,0.75,0.7365,0.6854,0.6489,0.6597,0.5763,0.4178,0.4844,0.4178,0.1201,0.5822,0.8799,0.6489,0.3323,0.7092,0.5813,1
CICIDS-2018,Random Forest,30000,8432,21568,18902,2666,4926,3506,0.7469,0.73,0.7469,0.7337,0.6807,0.6461,0.6565,0.568,0.4158,0.4801,0.4158,0.1236,0.5842,0.8764,0.6461,0.3249,0.7049,0.5768,2
CICIDS-2018,Random Forest,30000,8432,21568,18970,2598,4907,3525,0.7498,0.733,0.7498,0.7363,0.6851,0.6488,0.6596,0.5757,0.4181,0.4844,0.4181,0.1205,0.5819,0.8795,0.6488,0.3319,0.7034,0.5794,3
CICIDS-2018,Random Forest,30000,8432,21568,18915,2653,4915,3517,0.7477,0.7309,0.7477,0.7345,0.6819,0.647,0.6575,0.57,0.4171,0.4817,0.4171,0.123,0.5829,0.877,0.647,0.3271,0.709,0.5804,4
CICIDS-2018,Random Forest,29999,8432,21567,18836,2731,4903,3529,0.7455,0.7289,0.7455,0.7328,0.6786,0.6459,0.6559,0.5637,0.4185,0.4804,0.4185,0.1266,0.5815,0.8734,0.6459,0.3229,0.7062,0.5792,5
CICIDS-2018,XGBoost,30000,8432,21568,21369,199,6334,2098,0.7822,0.8113,0.7822,0.7335,0.8424,0.6198,0.6292,0.9134,0.2488,0.3911,0.2488,0.0092,0.7512,0.9908,0.6198,0.405,0.7088,0.5804,1
CICIDS-2018,XGBoost,30000,8432,21568,21366,202,6351,2081,0.7816,0.8104,0.7816,0.7325,0.8412,0.6187,0.6277,0.9115,0.2468,0.3884,0.2468,0.0094,0.7532,0.9906,0.6187,0.4025,0.7049,0.5771,2
CICIDS-2018,XGBoost,30000,8432,21568,21365,203,6294,2138,0.7834,0.812,0.7834,0.7356,0.8429,0.6221,0.6325,0.9133,0.2536,0.3969,0.2536,0.0094,0.7464,0.9906,0.6221,0.4092,0.7051,0.5818,3
CICIDS-2018,XGBoost,30000,8432,21568,21370,198,6321,2111,0.7827,0.8118,0.7827,0.7343,0.843,0.6206,0.6304,0.9142,0.2504,0.3931,0.2504,0.0092,0.7496,0.9908,0.6206,0.4067,0.7109,0.5826,4
CICIDS-2018,XGBoost,29999,8432,21567,21381,186,6306,2126,0.7836,0.8136,0.7836,0.7354,0.8459,0.6218,0.632,0.9196,0.2521,0.3958,0.2521,0.0086,0.7479,0.9914,0.6218,0.4104,0.7087,0.5817,5
CICIDS-2018,CatBoost,30000,8432,21568,19194,2374,5086,3346,0.7513,0.7328,0.7513,0.7349,0.6877,0.6434,0.6551,0.585,0.3968,0.4729,0.3968,0.1101,0.6032,0.8899,0.6434,0.3281,0.7039,0.5758,1
CICIDS-2018,CatBoost,30000,8432,21568,19158,2410,5172,3260,0.7473,0.7277,0.7473,0.7301,0.6812,0.6374,0.6486,0.575,0.3866,0.4623,0.3866,0.1117,0.6134,0.8883,0.6374,0.3156,0.6994,0.5714,2
CICIDS-2018,CatBoost,30000,8432,21568,19241,2327,5126,3306,0.7516,0.7327,0.7516,0.7344,0.6883,0.6421,0.6539,0.5869,0.3921,0.4701,0.3921,0.1079,0.6079,0.8921,0.6421,0.3271,0.7022,0.5762,3
CICIDS-2018,CatBoost,30000,8432,21568,19433,2135,5133,3299,0.7577,0.7394,0.7577,0.7394,0.6991,0.6461,0.6591,0.6071,0.3912,0.4758,0.3912,0.099,0.6088,0.901,0.6461,0.3411,0.7088,0.5793,4
CICIDS-2018,CatBoost,29999,8432,21567,19142,2425,5148,3284,0.7476,0.7282,0.7476,0.7307,0.6816,0.6385,0.6497,0.5752,0.3895,0.4645,0.3895,0.1124,0.6105,0.8876,0.6385,0.3172,0.7011,0.5739,5
CICIDS-2018,MLP,30000,8432,21568,19826,1742,6301,2131,0.7319,0.7002,0.7319,0.695,0.6545,0.586,0.5889,0.5502,0.2527,0.3464,0.2527,0.0808,0.7473,0.9192,0.586,0.2305,0.583,0.3402,1
CICIDS-2018,MLP,30000,8432,21568,21235,333,6759,1673,0.7636,0.7798,0.7636,0.7062,0.7963,0.5915,0.5887,0.834,0.1984,0.3206,0.1984,0.0154,0.8016,0.9846,0.5915,0.3293,0.5987,0.4077,2
CICIDS-2018,MLP,30000,8432,21568,21444,124,6909,1523,0.7656,0.8037,0.7656,0.7026,0.8405,0.5874,0.5807,0.9247,0.1806,0.3022,0.1806,0.0057,0.8194,0.9943,0.5874,0.3451,0.5865,0.4109,3
CICIDS-2018,MLP,30000,8432,21568,21055,513,6738,1694,0.7583,0.7604,0.7583,0.7028,0.7626,0.5886,0.5858,0.7676,0.2009,0.3185,0.2009,0.0238,0.7991,0.9762,0.5886,0.305,0.6026,0.3922,4
CICIDS-2018,MLP,29999,8432,21567,20293,1274,6435,1997,0.743,0.7174,0.743,0.7001,0.6849,0.5889,0.5908,0.6105,0.2368,0.3413,0.2368,0.0591,0.7632,0.9409,0.5889,0.2564,0.5844,0.3613,5
CICIDS-2018,TabNet,30000,8432,21568,21402,166,6667,1765,0.7722,0.8051,0.7722,0.7157,0.8383,0.6008,0.6015,0.914,0.2093,0.3406,0.2093,0.0077,0.7907,0.9923,0.6008,0.3693,0.648,0.5051,1
CICIDS-2018,TabNet,30000,8432,21568,21375,193,6634,1798,0.7724,0.8025,0.7724,0.7169,0.8331,0.6021,0.6037,0.9031,0.2132,0.345,0.2132,0.0089,0.7868,0.9911,0.6021,0.3689,0.6573,0.521,2
CICIDS-2018,TabNet,30000,8432,21568,21305,263,6509,1923,0.7743,0.7979,0.7743,0.7221,0.8228,0.6079,0.6125,0.8797,0.2281,0.3622,0.2281,0.0122,0.7719,0.9878,0.6079,0.3733,0.6712,0.5371,3
CICIDS-2018,TabNet,30000,8432,21568,21387,181,6462,1970,0.7786,0.8095,0.7786,0.7269,0.8419,0.6126,0.6189,0.9159,0.2336,0.3723,0.2336,0.0084,0.7664,0.9916,0.6126,0.3925,0.6799,0.548,4
CICIDS-2018,TabNet,29999,8432,21567,21419,148,6618,1814,0.7745,0.8091,0.7745,0.719,0.8443,0.6041,0.6063,0.9246,0.2151,0.349,0.2151,0.0069,0.7849,0.9931,0.6041,0.3787,0.6687,0.5385,5
CICIDS-2018,FT-Transformer,30000,8432,21568,18478,3090,5001,3431,0.7303,0.7137,0.7303,0.7188,0.6566,0.6318,0.6396,0.5261,0.4069,0.4589,0.4069,0.1433,0.5931,0.8567,0.6318,0.2873,0.6748,0.5426,1
CICIDS-2018,FT-Transformer,30000,8432,21568,19000,2568,5282,3150,0.7383,0.7174,0.7383,0.721,0.6667,0.6273,0.637,0.5509,0.3736,0.4452,0.3736,0.1191,0.6264,0.8809,0.6273,0.2913,0.6775,0.5464,2
CICIDS-2018,FT-Transformer,30000,8432,21568,18771,2797,5120,3312,0.7361,0.7172,0.7361,0.7218,0.6639,0.6316,0.6407,0.5422,0.3928,0.4555,0.3928,0.1297,0.6072,0.8703,0.6316,0.2937,0.6785,0.5467,3
CICIDS-2018,FT-Transformer,30000,8432,21568,20121,1447,5608,2824,0.7648,0.7481,0.7648,0.7367,0.7216,0.6339,0.6477,0.6612,0.3349,0.4446,0.3349,0.0671,0.6651,0.9329,0.6339,0.3445,0.6858,0.5577,4
CICIDS-2018,FT-Transformer,29999,8432,21567,18485,3082,5064,3368,0.7285,0.7111,0.7285,0.7163,0.6536,0.6283,0.636,0.5222,0.3994,0.4526,0.3994,0.1429,0.6006,0.8571,0.6283,0.2807,0.6774,0.5481,5
UNSW-NB15,LightGBM,40000,2962,37038,36763,275,33,2929,0.9923,0.9928,0.9923,0.9924,0.9566,0.9907,0.9729,0.9142,0.9889,0.95,0.9889,0.0074,0.0111,0.9926,0.9907,0.9467,0.9995,0.9943,1
UNSW-NB15,LightGBM,40000,2962,37038,36785,253,35,2927,0.9928,0.9932,0.9928,0.9929,0.9597,0.9907,0.9746,0.9204,0.9882,0.9531,0.9882,0.0068,0.0118,0.9932,0.9907,0.9499,0.9997,0.9958,2
UNSW-NB15,LightGBM,40000,2962,37038,36754,284,34,2928,0.992,0.9926,0.992,0.9922,0.9553,0.9904,0.9721,0.9116,0.9885,0.9485,0.9885,0.0077,0.0115,0.9923,0.9904,0.9451,0.9996,0.9945,3
UNSW-NB15,LightGBM,40000,2962,37038,36769,269,26,2936,0.9926,0.9931,0.9926,0.9928,0.9577,0.992,0.9741,0.9161,0.9912,0.9522,0.9912,0.0073,0.0088,0.9927,0.992,0.949,0.9996,0.9955,4
UNSW-NB15,LightGBM,40000,2962,37038,36772,266,32,2930,0.9926,0.993,0.9926,0.9927,0.958,0.991,0.9738,0.9168,0.9892,0.9516,0.9892,0.0072,0.0108,0.9928,0.991,0.9484,0.9996,0.9951,5
UNSW-NB15,Random Forest,40000,2962,37038,36630,408,7,2955,0.9896,0.9908,0.9896,0.9899,0.9392,0.9933,0.9644,0.8787,0.9976,0.9344,0.9976,0.011,0.0024,0.989,0.9933,0.931,0.9994,0.9922,1
UNSW-NB15,Random Forest,40000,2962,37038,36669,369,13,2949,0.9905,0.9914,0.9905,0.9907,0.9442,0.9928,0.967,0.8888,0.9956,0.9392,0.9956,0.01,0.0044,0.99,0.9928,0.9358,0.9995,0.9934,2
UNSW-NB15,Random Forest,40000,2962,37038,36603,435,8,2954,0.9889,0.9903,0.9889,0.9893,0.9357,0.9928,0.9621,0.8716,0.9973,0.9302,0.9973,0.0117,0.0027,0.9883,0.9928,0.9267,0.9995,0.9932,3
UNSW-NB15,Random Forest,40000,2962,37038,36624,414,1,2961,0.9896,0.9909,0.9896,0.9899,0.9387,0.9942,0.9644,0.8773,0.9997,0.9345,0.9997,0.0112,0.0003,0.9888,0.9942,0.9312,0.9996,0.9944,4
UNSW-NB15,Random Forest,40000,2962,37038,36650,388,11,2951,0.99,0.9911,0.99,0.9903,0.9417,0.9929,0.9656,0.8838,0.9963,0.9367,0.9963,0.0105,0.0037,0.9895,0.9929,0.9333,0.9995,0.9934,5
UNSW-NB15,XGBoost,40000,2962,37038,36883,155,106,2856,0.9935,0.9935,0.9935,0.9935,0.9728,0.98,0.9764,0.9485,0.9642,0.9563,0.9642,0.0042,0.0358,0.9958,0.98,0.9528,0.9995,0.9937,1
UNSW-NB15,XGBoost,40000,2962,37038,36901,137,131,2831,0.9933,0.9933,0.9933,0.9933,0.9752,0.976,0.9756,0.9538,0.9558,0.9548,0.9558,0.0037,0.0442,0.9963,0.976,0.9512,0.9996,0.9946,2
UNSW-NB15,XGBoost,40000,2962,37038,36864,174,98,2864,0.9932,0.9933,0.9932,0.9932,0.97,0.9811,0.9755,0.9427,0.9669,0.9547,0.9669,0.0047,0.0331,0.9953,0.9811,0.9511,0.9995,0.9937,3
UNSW-NB15,XGBoost,40000,2962,37038,36900,138,130,2832,0.9933,0.9933,0.9933,0.9933,0.975,0.9762,0.9756,0.9535,0.9561,0.9548,0.9561,0.0037,0.0439,0.9963,0.9762,0.9512,0.9996,0.9946,4
UNSW-NB15,XGBoost,40000,2962,37038,36888,150,115,2847,0.9934,0.9934,0.9934,0.9934,0.9734,0.9786,0.976,0.9499,0.9612,0.9555,0.9612,0.004,0.0388,0.996,0.9786,0.952,0.9995,0.9942,5
UNSW-NB15,CatBoost,40000,2962,37038,36612,426,4,2958,0.9892,0.9906,0.9892,0.9896,0.937,0.9936,0.9632,0.8741,0.9986,0.9322,0.9986,0.0115,0.0014,0.9885,0.9936,0.9289,0.9994,0.9923,1
UNSW-NB15,CatBoost,40000,2962,37038,36647,391,5,2957,0.9901,0.9912,0.9901,0.9904,0.9415,0.9939,0.9659,0.8832,0.9983,0.9372,0.9983,0.0106,0.0017,0.9894,0.9939,0.934,0.9995,0.9937,2
UNSW-NB15,CatBoost,40000,2962,37038,36578,460,3,2959,0.9884,0.99,0.9884,0.9888,0.9327,0.9933,0.9606,0.8655,0.999,0.9274,0.999,0.0124,0.001,0.9876,0.9933,0.924,0.9994,0.9928,3
UNSW-NB15,CatBoost,40000,2962,37038,36594,444,1,2961,0.9889,0.9903,0.9889,0.9892,0.9348,0.9938,0.962,0.8696,0.9997,0.9301,0.9997,0.012,0.0003,0.988,0.9938,0.9267,0.9995,0.9941,4
UNSW-NB15,CatBoost,40000,2962,37038,36634,404,6,2956,0.9898,0.9909,0.9898,0.99,0.9398,0.9935,0.9648,0.8798,0.998,0.9351,0.998,0.0109,0.002,0.9891,0.9935,0.9318,0.9994,0.9929,5
UNSW-NB15,MLP,40000,2962,37038,35824,1214,988,1974,0.9449,0.9469,0.9449,0.9459,0.7962,0.8168,0.8061,0.6192,0.6664,0.642,0.6664,0.0328,0.3336,0.9672,0.8168,0.6127,0.8158,0.4373,1
UNSW-NB15,MLP,40000,2962,37038,36002,1036,1192,1770,0.9443,0.943,0.9443,0.9436,0.7994,0.7848,0.7919,0.6308,0.5976,0.6137,0.5976,0.028,0.4024,0.972,0.7848,0.584,0.7854,0.4103,2
UNSW-NB15,MLP,40000,2962,37038,35521,1517,904,2058,0.9395,0.9456,0.9395,0.9421,0.7754,0.8269,0.7983,0.5757,0.6948,0.6296,0.6948,0.041,0.3052,0.959,0.8269,0.6001,0.8264,0.4236,3
UNSW-NB15,MLP,40000,2962,37038,35623,1415,948,2014,0.9409,0.9454,0.9409,0.9429,0.7807,0.8209,0.7991,0.5873,0.6799,0.6303,0.6799,0.0382,0.3201,0.9618,0.8209,0.6002,0.82,0.4256,4
UNSW-NB15,MLP,40000,2962,37038,36488,550,1703,1259,0.9437,0.9362,0.9437,0.9373,0.8257,0.7051,0.7489,0.696,0.4251,0.5278,0.4251,0.0148,0.5749,0.9852,0.7051,0.5169,0.804,0.4577,5
UNSW-NB15,TabNet,40000,2962,37038,36762,276,255,2707,0.9867,0.9868,0.9867,0.9867,0.9503,0.9532,0.9518,0.9075,0.9139,0.9107,0.9139,0.0075,0.0861,0.9925,0.9532,0.9035,0.9982,0.9753,1
UNSW-NB15,TabNet,40000,2962,37038,36788,250,159,2803,0.9898,0.99,0.9898,0.9898,0.9569,0.9698,0.9632,0.9181,0.9463,0.932,0.9463,0.0067,0.0537,0.9933,0.9698,0.9266,0.9989,0.9853,2
UNSW-NB15,TabNet,40000,2962,37038,36765,273,196,2766,0.9883,0.9884,0.9883,0.9883,0.9524,0.9632,0.9578,0.9102,0.9338,0.9218,0.9338,0.0074,0.0662,0.9926,0.9632,0.9156,0.9976,0.9586,3
UNSW-NB15,TabNet,40000,2962,37038,36610,428,55,2907,0.9879,0.9891,0.9879,0.9883,0.9351,0.9849,0.9584,0.8717,0.9814,0.9233,0.9814,0.0116,0.0186,0.9884,0.9849,0.9187,0.9979,0.9732,4
UNSW-NB15,TabNet,40000,2962,37038,36589,449,44,2918,0.9877,0.989,0.9877,0.988,0.9327,0.9865,0.9577,0.8666,0.9851,0.9221,0.9851,0.0121,0.0149,0.9879,0.9865,0.9177,0.9971,0.943,5
UNSW-NB15,FT-Transformer,40000,2962,37038,36557,481,0,2962,0.988,0.9897,0.988,0.9884,0.9301,0.9935,0.9592,0.8603,1.0,0.9249,1.0,0.013,0.0,0.987,0.9935,0.9215,0.9989,0.9867,1
UNSW-NB15,FT-Transformer,40000,2962,37038,36560,478,0,2962,0.988,0.9897,0.988,0.9885,0.9305,0.9935,0.9594,0.861,1.0,0.9253,1.0,0.0129,0.0,0.9871,0.9935,0.9219,0.9992,0.9903,2
UNSW-NB15,FT-Transformer,40000,2962,37038,36513,525,0,2962,0.9869,0.9889,0.9869,0.9874,0.9247,0.9929,0.9557,0.8494,1.0,0.9186,1.0,0.0142,0.0,0.9858,0.9929,0.9151,0.999,0.9873,3
UNSW-NB15,FT-Transformer,40000,2962,37038,36551,487,0,2962,0.9878,0.9895,0.9878,0.9882,0.9294,0.9934,0.9587,0.8588,1.0,0.924,1.0,0.0131,0.0,0.9869,0.9934,0.9206,0.9991,0.9884,4
UNSW-NB15,FT-Transformer,40000,2962,37038,36563,475,0,2962,0.9881,0.9898,0.9881,0.9885,0.9309,0.9936,0.9597,0.8618,1.0,0.9258,1.0,0.0128,0.0,0.9872,0.9936,0.9224,0.9991,0.9888,5
