dataset,model,acc,acc_std,prec,prec_std,rec,rec_std,f1,f1_std,prec_macro,prec_macro_std,rec_macro,rec_macro_std,f1_macro,f1_macro_std,prec_attack,prec_attack_std,rec_attack,rec_attack_std,f1_attack,f1_attack_std,dr,dr_std,far,far_std,fnr,fnr_std,tnr,tnr_std,bal_acc,bal_acc_std,mcc,mcc_std,auc,auc_std,prauc,prauc_std,n,n_attack,n_benign,tn,fp,fn,tp,n_folds
NSL-KDD,LightGBM,0.9871,0.0018,0.9871,0.0018,0.9871,0.0018,0.9871,0.0018,0.9868,0.002,0.9869,0.0018,0.9868,0.0019,0.9888,0.0018,0.9885,0.0027,0.9886,0.0016,0.9885,0.0027,0.0147,0.0024,0.0115,0.0027,0.9853,0.0024,0.9869,0.0018,0.9737,0.0037,0.9995,0.0001,0.9997,0.0001,22544,12833,9711,9568,143,148,12685,5
NSL-KDD,Random Forest,0.9855,0.0017,0.9855,0.0016,0.9855,0.0017,0.9855,0.0017,0.9847,0.0017,0.9857,0.0017,0.9852,0.0017,0.9904,0.0021,0.9839,0.0021,0.9872,0.0015,0.9839,0.0021,0.0126,0.0028,0.0161,0.0021,0.9874,0.0028,0.9857,0.0017,0.9704,0.0034,0.9994,0.0001,0.9995,0.0,22544,12833,9711,9589,122,206,12627,5
NSL-KDD,XGBoost,0.9879,0.002,0.9879,0.002,0.9879,0.002,0.9879,0.002,0.9876,0.002,0.9876,0.002,0.9876,0.002,0.9892,0.0024,0.9894,0.0023,0.9893,0.0017,0.9894,0.0023,0.0142,0.0033,0.0106,0.0023,0.9858,0.0033,0.9876,0.002,0.9752,0.0041,0.9995,0.0001,0.9997,0.0001,22544,12833,9711,9573,138,136,12697,5
NSL-KDD,CatBoost,0.9871,0.0019,0.9871,0.0019,0.9871,0.0019,0.9871,0.0019,0.9865,0.002,0.9872,0.0019,0.9868,0.0019,0.9909,0.0022,0.9864,0.0027,0.9886,0.0017,0.9864,0.0027,0.012,0.0029,0.0136,0.0027,0.988,0.0029,0.9872,0.0019,0.9737,0.0038,0.9995,0.0001,0.9996,0.0001,22544,12833,9711,9595,116,175,12658,5
NSL-KDD,MLP,0.9626,0.0092,0.9629,0.009,0.9626,0.0092,0.9626,0.0093,0.9635,0.008,0.9605,0.0108,0.9618,0.0096,0.9594,0.0159,0.976,0.0048,0.9676,0.0078,0.976,0.0048,0.055,0.0224,0.024,0.0048,0.945,0.0224,0.9605,0.0108,0.924,0.0188,0.9783,0.0109,0.9655,0.0178,22544,12833,9711,9177,534,308,12525,5
NSL-KDD,TabNet,0.9719,0.0033,0.9719,0.0033,0.9719,0.0033,0.9719,0.0033,0.9715,0.0035,0.9712,0.0034,0.9713,0.0034,0.9746,0.0055,0.9761,0.0063,0.9753,0.0029,0.9761,0.0063,0.0337,0.0077,0.0239,0.0063,0.9663,0.0077,0.9712,0.0034,0.9427,0.0068,0.9962,0.0014,0.9964,0.0023,22544,12833,9711,9384,327,307,12526,5
NSL-KDD,FT-Transformer,0.9806,0.0029,0.9807,0.0029,0.9806,0.0029,0.9807,0.0029,0.98,0.003,0.9807,0.0031,0.9803,0.0029,0.9856,0.0048,0.9804,0.0044,0.983,0.0025,0.9804,0.0044,0.0191,0.0064,0.0196,0.0044,0.9809,0.0064,0.9807,0.0031,0.9607,0.0059,0.9985,0.0004,0.9988,0.0004,22544,12833,9711,9526,185,251,12582,5
CICIDS-2017,LightGBM,0.9989,0.0002,0.9989,0.0002,0.9989,0.0002,0.9989,0.0002,0.9977,0.0004,0.9986,0.0003,0.9982,0.0003,0.9959,0.0006,0.9983,0.0006,0.9971,0.0005,0.9983,0.0006,0.001,0.0001,0.0017,0.0006,0.999,0.0001,0.9986,0.0003,0.9964,0.0006,0.9999,0.0,0.9998,0.0001,226862,44685,182177,181993,184,76,44609,5
CICIDS-2017,Random Forest,0.9977,0.0002,0.9977,0.0002,0.9977,0.0002,0.9977,0.0002,0.996,0.0004,0.9968,0.0003,0.9964,0.0003,0.9932,0.0007,0.9952,0.0006,0.9942,0.0005,0.9952,0.0006,0.0017,0.0002,0.0048,0.0006,0.9983,0.0002,0.9968,0.0003,0.9927,0.0006,0.9998,0.0,0.9993,0.0002,226862,44685,182177,181870,307,214,44471,5
CICIDS-2017,XGBoost,0.9987,0.0001,0.9987,0.0001,0.9987,0.0001,0.9987,0.0001,0.9975,0.0003,0.9983,0.0002,0.9979,0.0002,0.9956,0.0005,0.9977,0.0003,0.9966,0.0004,0.9977,0.0003,0.0011,0.0001,0.0023,0.0003,0.9989,0.0001,0.9983,0.0002,0.9958,0.0004,0.9999,0.0,0.9997,0.0001,226862,44685,182177,181978,199,103,44582,5
CICIDS-2017,CatBoost,0.9982,0.0002,0.9982,0.0002,0.9982,0.0002,0.9982,0.0002,0.9959,0.0004,0.9985,0.0002,0.9972,0.0003,0.992,0.0008,0.999,0.0001,0.9955,0.0004,0.999,0.0001,0.002,0.0002,0.001,0.0001,0.998,0.0002,0.9985,0.0002,0.9944,0.0006,0.9998,0.0001,0.9994,0.0002,226862,44685,182177,181817,360,46,44639,5
CICIDS-2017,MLP,0.9443,0.0036,0.9464,0.004,0.9443,0.0036,0.9449,0.0035,0.9069,0.012,0.9227,0.0158,0.9137,0.0058,0.8417,0.0317,0.887,0.0413,0.8624,0.0098,0.887,0.0413,0.0416,0.0111,0.113,0.0413,0.9584,0.0111,0.9227,0.0158,0.8291,0.0121,0.9475,0.0162,0.8083,0.0222,226862,44685,182177,174588,7589,5047,39638,5
CICIDS-2017,TabNet,0.9756,0.0052,0.9755,0.0052,0.9756,0.0052,0.9755,0.0052,0.9635,0.0089,0.9591,0.0079,0.9613,0.0082,0.9437,0.0153,0.9318,0.013,0.9377,0.0131,0.9318,0.013,0.0136,0.0037,0.0682,0.013,0.9864,0.0037,0.9591,0.0079,0.9226,0.0163,0.9938,0.0027,0.98,0.0073,226862,44685,182177,179691,2486,3047,41638,5
CICIDS-2017,FT-Transformer,0.9918,0.0016,0.9921,0.0015,0.9918,0.0016,0.9919,0.0016,0.981,0.0038,0.9938,0.0012,0.9872,0.0025,0.9626,0.0075,0.9972,0.0011,0.9796,0.004,0.9972,0.0011,0.0095,0.002,0.0028,0.0011,0.9905,0.002,0.9938,0.0012,0.9747,0.0049,0.9996,0.0001,0.9985,0.0005,226862,44685,182177,180444,1733,126,44559,5
CICIDS-2018,LightGBM,0.7409,0.002,0.7269,0.002,0.7409,0.002,0.7313,0.0019,0.6727,0.0027,0.6487,0.0022,0.657,0.0023,0.5491,0.0047,0.4381,0.0041,0.4873,0.0035,0.4381,0.0041,0.1407,0.0027,0.5619,0.0041,0.8593,0.0027,0.6487,0.0022,0.3206,0.0048,0.7089,0.0029,0.583,0.0024,149999,42160,107839,92671,15168,23691,18469,5
CICIDS-2018,Random Forest,0.748,0.0017,0.7312,0.0017,0.748,0.0017,0.7348,0.0014,0.6823,0.0026,0.6473,0.0013,0.6578,0.0016,0.5707,0.0048,0.4175,0.0009,0.4822,0.0019,0.4175,0.0009,0.1228,0.0024,0.5825,0.0009,0.8772,0.0024,0.6473,0.0013,0.3278,0.0037,0.7065,0.0023,0.5794,0.0015,149999,42160,107839,94601,13238,24560,17600,5
CICIDS-2018,XGBoost,0.7827,0.0007,0.8118,0.001,0.7827,0.0007,0.7343,0.0012,0.8431,0.0015,0.6206,0.0013,0.6304,0.0018,0.9144,0.0027,0.2503,0.0024,0.3931,0.0031,0.2503,0.0024,0.0092,0.0003,0.7497,0.0024,0.9908,0.0003,0.6206,0.0013,0.4068,0.0028,0.7077,0.0023,0.5807,0.0019,149999,42160,107839,106851,988,31606,10554,5
CICIDS-2018,CatBoost,0.7511,0.0038,0.7322,0.0042,0.7511,0.0038,0.7339,0.0034,0.6876,0.0065,0.6415,0.0032,0.6533,0.0038,0.5858,0.0117,0.3912,0.0034,0.4691,0.0051,0.3912,0.0034,0.1082,0.0049,0.6088,0.0034,0.8918,0.0049,0.6415,0.0032,0.3258,0.0092,0.7031,0.0032,0.5753,0.0026,149999,42160,107839,96168,11671,25665,16495,5
CICIDS-2018,MLP,0.7525,0.013,0.7523,0.0385,0.7525,0.013,0.7013,0.0037,0.7478,0.069,0.5885,0.0018,0.587,0.0035,0.7374,0.1389,0.2139,0.0266,0.3258,0.0161,0.2139,0.0266,0.037,0.0284,0.7861,0.0266,0.963,0.0284,0.5885,0.0018,0.2933,0.0434,0.591,0.008,0.3825,0.0275,149999,42160,107839,103853,3986,33142,9018,5
CICIDS-2018,TabNet,0.7744,0.0023,0.8048,0.0043,0.7744,0.0023,0.7201,0.004,0.8361,0.0076,0.6055,0.0043,0.6086,0.0063,0.9075,0.0155,0.2199,0.0093,0.3538,0.0117,0.2199,0.0093,0.0088,0.0018,0.7801,0.0093,0.9912,0.0018,0.6055,0.0043,0.3765,0.0087,0.665,0.0112,0.5299,0.0152,149999,42160,107839,106888,951,32890,9270,5
CICIDS-2018,FT-Transformer,0.7396,0.0131,0.7215,0.0135,0.7396,0.0131,0.7229,0.0072,0.6725,0.025,0.6306,0.0024,0.6402,0.0041,0.5605,0.0514,0.3815,0.0258,0.4514,0.0056,0.3815,0.0258,0.1204,0.0281,0.6185,0.0258,0.8796,0.0281,0.6306,0.0024,0.2995,0.0229,0.6788,0.0037,0.5483,0.005,149999,42160,107839,94855,12984,26075,16085,5
UNSW-NB15,LightGBM,0.9925,0.0003,0.9929,0.0002,0.9925,0.0003,0.9926,0.0003,0.9575,0.0015,0.991,0.0006,0.9735,0.0009,0.9158,0.0029,0.9892,0.0011,0.9511,0.0016,0.9892,0.0011,0.0073,0.0003,0.0108,0.0011,0.9927,0.0003,0.991,0.0006,0.9478,0.0017,0.9996,0.0001,0.995,0.0006,200000,14810,185190,183843,1347,160,14650,5
UNSW-NB15,Random Forest,0.9897,0.0005,0.9909,0.0004,0.9897,0.0005,0.99,0.0005,0.9399,0.0029,0.9932,0.0005,0.9647,0.0016,0.88,0.0059,0.9973,0.0014,0.935,0.003,0.9973,0.0014,0.0109,0.0006,0.0027,0.0014,0.9891,0.0006,0.9932,0.0005,0.9316,0.003,0.9995,0.0001,0.9933,0.0007,200000,14810,185190,183176,2014,40,14770,5
UNSW-NB15,XGBoost,0.9933,0.0001,0.9934,0.0001,0.9933,0.0001,0.9933,0.0001,0.9733,0.0019,0.9784,0.002,0.9758,0.0003,0.9497,0.004,0.9608,0.0044,0.9552,0.0006,0.9608,0.0044,0.0041,0.0004,0.0392,0.0044,0.9959,0.0004,0.9784,0.002,0.9517,0.0007,0.9995,0.0,0.9942,0.0004,200000,14810,185190,184436,754,580,14230,5
UNSW-NB15,CatBoost,0.9893,0.0006,0.9906,0.0004,0.9893,0.0006,0.9896,0.0006,0.9372,0.0032,0.9936,0.0002,0.9633,0.0019,0.8744,0.0065,0.9987,0.0006,0.9324,0.0035,0.9987,0.0006,0.0115,0.0007,0.0013,0.0006,0.9885,0.0007,0.9936,0.0002,0.9291,0.0036,0.9994,0.0,0.9932,0.0006,200000,14810,185190,183065,2125,19,14791,5
UNSW-NB15,MLP,0.9427,0.0021,0.9434,0.0038,0.9427,0.0021,0.9424,0.0028,0.7955,0.0176,0.7909,0.0453,0.7889,0.0205,0.6218,0.0422,0.6128,0.0996,0.6087,0.0414,0.6128,0.0996,0.031,0.0092,0.3872,0.0996,0.969,0.0092,0.7909,0.0453,0.5828,0.0342,0.8103,0.0144,0.4309,0.0159,200000,14810,185190,179458,5732,5735,9075,5
UNSW-NB15,TabNet,0.9881,0.001,0.9887,0.0011,0.9881,0.001,0.9882,0.001,0.9455,0.0097,0.9715,0.0127,0.9578,0.0036,0.8948,0.0213,0.9521,0.0275,0.922,0.0068,0.9521,0.0275,0.0091,0.0023,0.0479,0.0275,0.9909,0.0023,0.9715,0.0127,0.9164,0.0075,0.9979,0.0006,0.9671,0.0148,200000,14810,185190,183514,1676,709,14101,5
UNSW-NB15,FT-Transformer,0.9878,0.0004,0.9895,0.0003,0.9878,0.0004,0.9882,0.0004,0.9291,0.0023,0.9934,0.0002,0.9585,0.0015,0.8583,0.0045,1.0,0.0,0.9237,0.0026,1.0,0.0,0.0132,0.0005,0.0,0.0,0.9868,0.0005,0.9934,0.0002,0.9203,0.0027,0.9991,0.0001,0.9883,0.0013,200000,14810,185190,182744,2446,0,14810,5
