dataset,feature,group,n,share_at_bound,share_below_0.05,median,mean
NSL-KDD,byte_asym_jsd,benign,9711,0.08969210174029452,0.1939038204098445,0.44252019424695516,0.3899953505551156
NSL-KDD,byte_asym_jsd,attack,12833,0.2614353619574534,0.5328450089612717,1.9028360399005743e-07,0.2625522574509516
NSL-KDD,byte_asym_jsd,family:1,12833,0.2614353619574534,0.5328450089612717,1.9028360399005743e-07,0.2625522574509516
CICIDS-2017,jsd_pkt_len,benign,182177,0.5783825620138656,0.21744786663519544,0.6931471805599453,0.47482800121058627
CICIDS-2017,jsd_pkt_len,attack,44685,0.4049904889784044,0.1542128230949983,0.6752990924166693,0.5378310128944087
CICIDS-2017,jsd_pkt_len,family:Bot,157,0.2611464968152866,0.7070063694267515,0.019204541604418302,0.2019981253191324
CICIDS-2017,jsd_pkt_len,family:DDoS,10260,0.36939571150097467,0.0008771929824561404,0.6808129555741509,0.6824177811758699
CICIDS-2017,jsd_pkt_len,family:DoS GoldenEye,824,0.03762135922330097,0.23907766990291263,0.4968629606129586,0.39502447557765263
CICIDS-2017,jsd_pkt_len,family:DoS Hulk,18519,0.045088827690480046,0.2869485393379772,0.5275852971030902,0.3919245763011531
CICIDS-2017,jsd_pkt_len,family:DoS Slowhttptest,440,0.4681818181818182,0.4909090909090909,0.6557841496427297,0.35055764461409716
CICIDS-2017,jsd_pkt_len,family:DoS slowloris,464,0.40301724137931033,0.30603448275862066,0.6544931699641822,0.46645847423604475
CICIDS-2017,jsd_pkt_len,family:FTP-Patator,636,0.4968553459119497,0.3663522012578616,0.0788081664719743,0.36531472617486055
CICIDS-2017,jsd_pkt_len,family:PortScan,12737,0.9960744288293947,0.0035330140535447907,0.6931471805599453,0.6906900017589592
CICIDS-2017,jsd_pkt_len,family:SSH-Patator,472,0.00423728813559322,0.972457627118644,0.04103509633016997,0.0261222422598837
CICIDS-2017,jsd_pkt_len,family:Web Attack  Brute Force,120,0.0,0.95,1.9028360399005743e-07,0.006319305576879565
CICIDS-2017,jsd_pkt_len,family:Web Attack  XSS,52,0.0,0.9615384615384616,1.9028360399005743e-07,0.012377383493728019
CICIDS-2017,jsd_iat,benign,182177,0.46227569890820464,0.46711714431569296,0.5221065264641668,0.35313418805955665
CICIDS-2017,jsd_iat,attack,44685,0.2748797135504084,0.40821304688374177,0.6392377294217968,0.38387457103519596
CICIDS-2017,jsd_iat,family:Bot,157,0.0,0.9936305732484076,3.96582452186569e-05,0.006416667549373655
CICIDS-2017,jsd_iat,family:DDoS,10260,0.38333333333333336,0.03284600389863548,0.6856414841089509,0.618364555906587
CICIDS-2017,jsd_iat,family:DoS GoldenEye,824,0.2779126213592233,0.2099514563106796,0.08616227481158563,0.30003958596639735
CICIDS-2017,jsd_iat,family:DoS Hulk,18519,0.38171607538204005,0.20989254279388736,0.6833057608397112,0.5273739063861383
CICIDS-2017,jsd_iat,family:DoS Slowhttptest,440,0.7272727272727273,0.19318181818181818,0.6931471805599453,0.5247149028464906
CICIDS-2017,jsd_iat,family:DoS slowloris,464,0.3879310344827586,0.3168103448275862,0.37010942768911037,0.37702504232004375
CICIDS-2017,jsd_iat,family:FTP-Patator,636,0.49842767295597484,0.5015723270440252,0.011507787527426556,0.3474208378558443
CICIDS-2017,jsd_iat,family:PortScan,12737,0.006516448143204836,0.9930909947397346,1.9028360399005743e-07,0.004571762428851352
CICIDS-2017,jsd_iat,family:SSH-Patator,472,0.00847457627118644,0.989406779661017,0.0017515595074286878,0.009461130463405389
CICIDS-2017,jsd_iat,family:Web Attack  Brute Force,120,0.8083333333333333,0.15833333333333333,0.6931471805599453,0.5646979042803318
CICIDS-2017,jsd_iat,family:Web Attack  XSS,52,0.9615384615384616,0.0,0.6931471805599453,0.6860682238147409
CICIDS-2018,jsd_pkt_len,benign,107839,0.4333775350290711,0.31110266230213557,0.30532218372137926,0.3523039988949222
CICIDS-2018,jsd_pkt_len,attack,42160,0.3489326375711575,0.45403225806451614,0.08563767458293176,0.28476268044824987
CICIDS-2018,jsd_pkt_len,family:1,42160,0.3489326375711575,0.45403225806451614,0.08563767458293176,0.28476268044824987
CICIDS-2018,jsd_iat,benign,107839,0.2805385806619127,0.6410018638896874,0.0013525362218849818,0.22539691080935423
CICIDS-2018,jsd_iat,attack,42160,0.24423624288425047,0.7077561669829222,1.9028360399005743e-07,0.19006725315902137
CICIDS-2018,jsd_iat,family:1,42160,0.24423624288425047,0.7077561669829222,1.9028360399005743e-07,0.19006725315902137
UNSW-NB15,jsd_pkt_sz,benign,185190,0.6017711539499973,0.16005183865219505,0.6931471805599442,0.5490270604195238
UNSW-NB15,jsd_pkt_sz,attack,14810,0.5765698852126941,0.04942606347062795,0.6931471805599453,0.5976315533779605
UNSW-NB15,jsd_pkt_sz,family:1,14810,0.5765698852126941,0.04942606347062795,0.6931471805599453,0.5976315533779605
UNSW-NB15,jsd_iat,benign,185190,0.27717479345537016,0.4246881581078892,0.5443258327525493,0.3430767811416935
UNSW-NB15,jsd_iat,attack,14810,0.5735313977042539,0.05948683322079676,0.6931471805599453,0.5932595173553824
UNSW-NB15,jsd_iat,family:1,14810,0.5735313977042539,0.05948683322079676,0.6931471805599453,0.5932595173553824
