dataset,eps,acc,acc_std,prec,prec_std,rec,rec_std,f1,f1_std,prec_macro,prec_macro_std,rec_macro,rec_macro_std,f1_macro,f1_macro_std,prec_attack,prec_attack_std,rec_attack,rec_attack_std,f1_attack,f1_attack_std,dr,dr_std,far,far_std,fnr,fnr_std,tnr,tnr_std,bal_acc,bal_acc_std,mcc,mcc_std,auc,auc_std,prauc,prauc_std,n,n_attack,n_benign,tn,fp,fn,tp,n_folds
NSL-KDD,0.0,0.9783,0.0015,0.9784,0.0014,0.9783,0.0015,0.9783,0.0015,0.9774,0.0016,0.9785,0.0014,0.9779,0.0015,0.9848,0.0012,0.977,0.0026,0.9809,0.0013,0.977,0.0026,0.02,0.0017,0.023,0.0026,0.98,0.0017,0.9785,0.0014,0.9559,0.003,0.9972,0.0003,0.9978,0.0002,22544,12833,9711,9517,194,295,12538,5
NSL-KDD,0.05,0.8909,0.0032,0.9018,0.0021,0.8909,0.0032,0.8914,0.0032,0.8917,0.0025,0.8993,0.0026,0.8904,0.0032,0.965,0.0033,0.8388,0.0077,0.8974,0.0035,0.8388,0.0077,0.0403,0.0042,0.1612,0.0077,0.9597,0.0042,0.8993,0.0026,0.7909,0.0051,0.971,0.0016,0.979,0.0012,22544,12833,9711,9320,391,2069,10764,5
NSL-KDD,0.1,0.8577,0.0076,0.8744,0.006,0.8577,0.0076,0.8583,0.0076,0.8623,0.0065,0.8683,0.0069,0.8574,0.0075,0.9499,0.0058,0.7918,0.0128,0.8636,0.008,0.7918,0.0128,0.0552,0.0068,0.2082,0.0128,0.9448,0.0068,0.8683,0.0069,0.7305,0.0134,0.9463,0.0046,0.9623,0.0034,22544,12833,9711,9175,536,2672,10161,5
NSL-KDD,0.25,0.812,0.0078,0.8317,0.0091,0.812,0.0078,0.8127,0.0078,0.8189,0.0086,0.8233,0.0083,0.8118,0.0078,0.9115,0.0136,0.742,0.0109,0.818,0.0076,0.742,0.0109,0.0955,0.0162,0.258,0.0109,0.9045,0.0162,0.8233,0.0083,0.6422,0.0169,0.8997,0.0071,0.9302,0.0054,22544,12833,9711,8784,927,3311,9522,5
CICIDS-2017,0.0,0.9638,0.0007,0.9682,0.0005,0.9638,0.0007,0.9648,0.0006,0.9249,0.0012,0.9721,0.0007,0.9459,0.0009,0.8534,0.0026,0.9858,0.0016,0.9148,0.0015,0.9858,0.0016,0.0415,0.0009,0.0142,0.0016,0.9585,0.0009,0.9721,0.0007,0.8958,0.0018,0.9959,0.0001,0.9793,0.0005,226862,44685,182177,174610,7567,635,44050,5
CICIDS-2017,0.05,0.8638,0.0021,0.8545,0.0026,0.8638,0.0021,0.8554,0.0028,0.8002,0.0048,0.7344,0.0077,0.7594,0.0057,0.7107,0.0107,0.5209,0.0185,0.6009,0.0108,0.5209,0.0185,0.0521,0.0039,0.4791,0.0185,0.9479,0.0039,0.7344,0.0077,0.5305,0.0094,0.8107,0.0067,0.6515,0.0057,226862,44685,182177,172688,9489,21410,23275,5
CICIDS-2017,0.1,0.8363,0.002,0.8223,0.0029,0.8363,0.002,0.8256,0.0029,0.7452,0.0042,0.6881,0.0079,0.7088,0.0064,0.6181,0.0085,0.4434,0.0192,0.5161,0.0123,0.4434,0.0192,0.0673,0.0043,0.5566,0.0192,0.9327,0.0043,0.6881,0.0079,0.4294,0.0104,0.7434,0.0072,0.5359,0.0084,226862,44685,182177,169920,12257,24870,19815,5
CICIDS-2017,0.25,0.7972,0.0023,0.7788,0.0033,0.7972,0.0023,0.7856,0.0028,0.6661,0.0045,0.6321,0.0071,0.6443,0.0064,0.4801,0.0074,0.3599,0.0178,0.4112,0.0126,0.3599,0.0178,0.0956,0.0048,0.6401,0.0178,0.9044,0.0048,0.6321,0.0071,0.2962,0.0112,0.6633,0.0068,0.3924,0.0063,226862,44685,182177,164765,17412,28605,16080,5
CICIDS-2018,0.0,0.7346,0.0018,0.7146,0.0021,0.7346,0.0018,0.7191,0.002,0.6613,0.0028,0.6272,0.0025,0.6363,0.0027,0.5394,0.0044,0.382,0.0045,0.4473,0.0044,0.382,0.0045,0.1275,0.0014,0.618,0.0045,0.8725,0.0014,0.6272,0.0025,0.2865,0.0053,0.6671,0.0028,0.4851,0.0039,149999,42160,107839,94088,13751,26055,16105,5
CICIDS-2018,0.05,0.6579,0.0074,0.6234,0.003,0.6579,0.0074,0.6358,0.0036,0.5378,0.0047,0.5289,0.0024,0.5268,0.0021,0.3422,0.0084,0.2344,0.0119,0.2779,0.0065,0.2344,0.0119,0.1766,0.0147,0.7656,0.0119,0.8234,0.0147,0.5289,0.0024,0.0661,0.0067,0.5169,0.0027,0.313,0.0051,149999,42160,107839,88798,19041,32278,9882,5
CICIDS-2018,0.1,0.6307,0.0057,0.6117,0.0017,0.6307,0.0057,0.62,0.0032,0.5207,0.0025,0.5184,0.0017,0.518,0.0015,0.3127,0.0042,0.2618,0.0082,0.2849,0.0035,0.2618,0.0082,0.2251,0.011,0.7382,0.0082,0.7749,0.011,0.5184,0.0017,0.039,0.0042,0.5037,0.004,0.296,0.0048,149999,42160,107839,83562,24277,31121,11039,5
CICIDS-2018,0.25,0.5929,0.0061,0.6018,0.0016,0.5929,0.0061,0.5971,0.004,0.5073,0.002,0.5075,0.0019,0.5071,0.0021,0.2912,0.003,0.3125,0.0086,0.3014,0.0029,0.3125,0.0086,0.2975,0.0118,0.6875,0.0086,0.7025,0.0118,0.5075,0.0019,0.0148,0.0038,0.4974,0.0034,0.2842,0.0018,149999,42160,107839,75759,32080,28984,13176,5
UNSW-NB15,0.0,0.9884,0.0002,0.9897,0.0001,0.9884,0.0002,0.9887,0.0002,0.9355,0.0018,0.9886,0.0011,0.9602,0.0006,0.872,0.0039,0.9887,0.0027,0.9267,0.0011,0.9887,0.0027,0.0116,0.0004,0.0113,0.0027,0.9884,0.0004,0.9886,0.0011,0.9226,0.001,0.999,0.0,0.9879,0.0004,200000,14810,185190,183040,2150,167,14643,5
UNSW-NB15,0.05,0.9538,0.0048,0.9631,0.0031,0.9538,0.0048,0.957,0.0042,0.8144,0.0146,0.9134,0.0108,0.8552,0.0127,0.6398,0.0285,0.866,0.0199,0.7356,0.0228,0.866,0.0199,0.0392,0.0046,0.134,0.0199,0.9608,0.0046,0.9134,0.0108,0.7209,0.0238,0.9844,0.0025,0.8551,0.0156,200000,14810,185190,177938,7252,1984,12826,5
UNSW-NB15,0.1,0.9463,0.0058,0.9588,0.0026,0.9463,0.0058,0.9506,0.0047,0.7928,0.0154,0.9022,0.0075,0.8361,0.0128,0.598,0.0308,0.8504,0.0142,0.7017,0.0223,0.8504,0.0142,0.0461,0.0062,0.1496,0.0142,0.9539,0.0062,0.9022,0.0075,0.6862,0.0221,0.9777,0.0037,0.808,0.0122,200000,14810,185190,176664,8526,2215,12595,5
UNSW-NB15,0.25,0.9375,0.0036,0.951,0.002,0.9375,0.0036,0.9425,0.003,0.769,0.0096,0.8699,0.0076,0.8089,0.0085,0.5553,0.0188,0.7905,0.0146,0.6521,0.0151,0.7905,0.0146,0.0508,0.0037,0.2095,0.0146,0.9492,0.0037,0.8699,0.0076,0.6307,0.0158,0.9635,0.0068,0.726,0.0162,200000,14810,185190,175792,9398,3103,11707,5
