dataset,instance,prob_attack,rank,feature,value,shap
NSL-KDD,attack,1.0,1,src_bytes,0.0,3.7748
NSL-KDD,attack,1.0,2,flag,5.0,1.7065
NSL-KDD,attack,1.0,3,dst_bytes,0.0,1.2789
NSL-KDD,attack,1.0,4,service,53.0,1.1255
NSL-KDD,attack,1.0,5,dst_host_same_src_port_rate,0.0,0.9877
NSL-KDD,benign,0.0,1,src_bytes,211.0,-4.0652
NSL-KDD,benign,0.0,2,flag,9.0,-1.4601
NSL-KDD,benign,0.0,3,dst_bytes,4408.0,-1.4268
NSL-KDD,benign,0.0,4,dst_host_srv_count,255.0,-1.4118
NSL-KDD,benign,0.0,5,logged_in,1.0,-0.9675
CICIDS-2017,attack,1.0,1,Bwd Packet Length Std,2181.0082,8.1103
CICIDS-2017,attack,1.0,2,flag_entropy,0.0,3.1994
CICIDS-2017,attack,1.0,3,Init_Win_bytes_backward,235.0,2.9222
CICIDS-2017,attack,1.0,4,Init_Win_bytes_forward,274.0,2.2987
CICIDS-2017,attack,1.0,5,Bwd Packet Length Min,0.0,1.3338
CICIDS-2017,benign,0.0,1,Init_Win_bytes_forward,-1.0,-1.571
CICIDS-2017,benign,0.0,2,Bwd Packet Length Min,137.0,-1.5414
CICIDS-2017,benign,0.0,3,flag_entropy,0.0,-1.3851
CICIDS-2017,benign,0.0,4,Flow IAT Min,370903.0,-1.1558
CICIDS-2017,benign,0.0,5,Bwd Packet Length Std,0.0,-0.4673
CICIDS-2018,attack,0.9829,1,Fwd Seg Size Min,24.0,2.5503
CICIDS-2018,attack,0.9829,2,Flow IAT Min,457.0,0.9645
CICIDS-2018,attack,0.9829,3,Bwd IAT Min,3013865.0,0.2638
CICIDS-2018,attack,0.9829,4,Active Mean,3014322.0,0.2617
CICIDS-2018,attack,0.9829,5,Active Min,3014322.0,-0.0753
CICIDS-2018,benign,0.0013,1,Fwd Pkt Len Min,500.0,-0.9793
CICIDS-2018,benign,0.0013,2,TotLen Fwd Pkts,3000.0,-0.9252
CICIDS-2018,benign,0.0013,3,Flow Pkts/s,0.0671,-0.8116
CICIDS-2018,benign,0.0013,4,Flow IAT Mean,17900000.0,-0.6516
CICIDS-2018,benign,0.0013,5,Fwd Pkt Len Mean,500.0,-0.5515
UNSW-NB15,attack,1.0,1,ct_state_ttl,2.0,12.9187
UNSW-NB15,attack,1.0,2,sttl,254.0,6.8974
UNSW-NB15,attack,1.0,3,ct_dst_sport_ltm,4.0,1.3853
UNSW-NB15,attack,1.0,4,service,2.0,1.1382
UNSW-NB15,attack,1.0,5,synack,0.0,0.2234
UNSW-NB15,benign,0.0,1,ct_state_ttl,0.0,-1.223
UNSW-NB15,benign,0.0,2,sttl,60.0,-0.6204
UNSW-NB15,benign,0.0,3,ct_src_ ltm,2.0,-0.3059
UNSW-NB15,benign,0.0,4,service,2.0,0.2569
UNSW-NB15,benign,0.0,5,ct_srv_src,5.0,-0.2551
