dataset,feature_set,n_feat,acc,acc_std,prec,prec_std,rec,rec_std,f1,f1_std,prec_macro,prec_macro_std,rec_macro,rec_macro_std,f1_macro,f1_macro_std,prec_attack,prec_attack_std,rec_attack,rec_attack_std,f1_attack,f1_attack_std,dr,dr_std,far,far_std,fnr,fnr_std,tnr,tnr_std,bal_acc,bal_acc_std,mcc,mcc_std,auc,auc_std,prauc,prauc_std,n,n_attack,n_benign,tn,fp,fn,tp,n_folds
NSL-KDD,simple_statistics,11,0.9828,0.0002,0.9828,0.0002,0.9828,0.0002,0.9828,0.0002,0.9825,0.0003,0.9823,0.0002,0.9825,0.0002,0.9842,0.0011,0.9856,0.0013,0.9849,0.0002,0.9856,0.0013,0.0209,0.0016,0.0144,0.0013,0.9791,0.0016,0.9823,0.0002,0.9649,0.0004,0.9986,0.0002,0.9989,0.0001,22544,12833,9711,9508,203,185,12648,5
NSL-KDD,entropy_only,7,0.9783,0.0015,0.9784,0.0014,0.9783,0.0015,0.9783,0.0015,0.9774,0.0016,0.9785,0.0014,0.9779,0.0015,0.9848,0.0012,0.977,0.0026,0.9809,0.0013,0.977,0.0026,0.02,0.0017,0.023,0.0026,0.98,0.0017,0.9785,0.0014,0.9559,0.003,0.9972,0.0003,0.9978,0.0002,22544,12833,9711,9517,194,295,12538,5
NSL-KDD,entropy_strict,5,0.9534,0.0026,0.9539,0.0026,0.9534,0.0026,0.9533,0.0026,0.9554,0.0029,0.9498,0.0026,0.9522,0.0027,0.9442,0.0024,0.9759,0.0036,0.9598,0.0023,0.9759,0.0036,0.0762,0.0034,0.0241,0.0036,0.9238,0.0034,0.9498,0.0026,0.9052,0.0054,0.9886,0.0004,0.989,0.0004,22544,12833,9711,8971,740,310,12523,5
CICIDS-2017,simple_statistics,12,0.9763,0.0008,0.9777,0.0006,0.9763,0.0008,0.9766,0.0008,0.9507,0.0019,0.9781,0.0007,0.9636,0.0011,0.9061,0.0041,0.9813,0.0018,0.9422,0.0018,0.9813,0.0018,0.025,0.0012,0.0187,0.0018,0.975,0.0012,0.9781,0.0007,0.9284,0.0021,0.9975,0.0001,0.9896,0.0005,226862,44685,182177,177630,4547,838,43847,5
CICIDS-2017,entropy_only,12,0.9638,0.0007,0.9682,0.0005,0.9638,0.0007,0.9648,0.0006,0.9249,0.0012,0.9721,0.0007,0.9459,0.0009,0.8534,0.0026,0.9858,0.0016,0.9148,0.0015,0.9858,0.0016,0.0415,0.0009,0.0142,0.0016,0.9585,0.0009,0.9721,0.0007,0.8958,0.0018,0.9959,0.0001,0.9793,0.0005,226862,44685,182177,174610,7567,635,44050,5
CICIDS-2017,entropy_strict,11,0.9609,0.0006,0.9654,0.0005,0.9609,0.0006,0.9619,0.0006,0.9206,0.001,0.9676,0.0008,0.9415,0.0009,0.8466,0.002,0.9787,0.0016,0.9079,0.0014,0.9787,0.0016,0.0435,0.0007,0.0213,0.0016,0.9565,0.0007,0.9676,0.0008,0.887,0.0017,0.9943,0.0002,0.9697,0.0006,226862,44685,182177,174254,7923,952,43733,5
CICIDS-2018,simple_statistics,12,0.6845,0.004,0.6941,0.0017,0.6845,0.004,0.6888,0.0029,0.618,0.0026,0.6246,0.0021,0.6206,0.0024,0.4444,0.0051,0.4876,0.0085,0.4649,0.0031,0.4876,0.0085,0.2385,0.0083,0.5124,0.0085,0.7615,0.0083,0.6246,0.0021,0.2425,0.0044,0.6718,0.0021,0.4568,0.0021,149999,42160,107839,82119,25720,21601,20559,5
CICIDS-2018,entropy_only,12,0.7346,0.0018,0.7146,0.0021,0.7346,0.0018,0.7191,0.002,0.6613,0.0028,0.6272,0.0025,0.6363,0.0027,0.5394,0.0044,0.382,0.0045,0.4473,0.0044,0.382,0.0045,0.1275,0.0014,0.618,0.0045,0.8725,0.0014,0.6272,0.0025,0.2865,0.0053,0.6671,0.0028,0.4851,0.0039,149999,42160,107839,94088,13751,26055,16105,5
CICIDS-2018,entropy_strict,11,0.7357,0.0029,0.7152,0.003,0.7357,0.0029,0.7194,0.0026,0.6628,0.0045,0.6266,0.0025,0.6359,0.0029,0.543,0.0079,0.3774,0.0024,0.4453,0.0038,0.3774,0.0024,0.1243,0.0037,0.6226,0.0024,0.8757,0.0037,0.6266,0.0025,0.2871,0.0067,0.6656,0.0026,0.473,0.0035,149999,42160,107839,94441,13398,26247,15913,5
UNSW-NB15,simple_statistics,10,0.9882,0.0004,0.9896,0.0003,0.9882,0.0004,0.9886,0.0003,0.9341,0.002,0.9893,0.0004,0.9597,0.0011,0.869,0.0041,0.9905,0.0009,0.9258,0.002,0.9905,0.0009,0.0119,0.0004,0.0095,0.0009,0.9881,0.0004,0.9893,0.0004,0.9218,0.0021,0.9991,0.0001,0.9884,0.001,200000,14810,185190,182978,2212,140,14670,5
UNSW-NB15,entropy_only,11,0.9884,0.0002,0.9897,0.0001,0.9884,0.0002,0.9887,0.0002,0.9355,0.0018,0.9886,0.0011,0.9602,0.0006,0.872,0.0039,0.9887,0.0027,0.9267,0.0011,0.9887,0.0027,0.0116,0.0004,0.0113,0.0027,0.9884,0.0004,0.9886,0.0011,0.9226,0.001,0.999,0.0,0.9879,0.0004,200000,14810,185190,183040,2150,167,14643,5
UNSW-NB15,entropy_strict,9,0.9881,0.0003,0.9894,0.0003,0.9881,0.0003,0.9884,0.0003,0.9338,0.0024,0.9882,0.0017,0.9591,0.001,0.8687,0.0049,0.9884,0.0037,0.9246,0.0019,0.9884,0.0037,0.012,0.0006,0.0116,0.0037,0.988,0.0006,0.9882,0.0017,0.9205,0.0019,0.999,0.0,0.9873,0.0005,200000,14810,185190,182976,2214,172,14638,5
