dataset,feature,is_mde,auc
CICIDS-2017,flag_entropy,True,0.7916101903876251
CICIDS-2017,Min Packet Length,False,0.7437538425436703
CICIDS-2017,Fwd Packet Length Min,False,0.7427822617430955
CICIDS-2017,Protocol,False,0.7199699367339063
CICIDS-2017,Bwd Packet Length Min,False,0.691336868068287
CICIDS-2017,Init_Win_bytes_forward,False,0.6732523055857801
CICIDS-2017,ade_fwd_iat_gauss,True,0.6585826504045046
CICIDS-2017,Fwd IAT Std,False,0.6585826504045045
CICIDS-2017,Fwd Packet Length Mean,False,0.657892552583339
CICIDS-2017,Avg Fwd Segment Size,False,0.6578925221186764
CICIDS-2017,Bwd Packet Length Std,False,0.657833422761552
CICIDS-2017,ade_bwd_pkt_gauss,True,0.6578334227615519
CICIDS-2017,ade_bwd_pkt_range,True,0.6569269180426731
CICIDS-2017,Fwd Packet Length Max,False,0.6392293824418142
CICIDS-2017,Total Length of Fwd Packets,False,0.6376596267014166
CICIDS-2017,Subflow Fwd Bytes,False,0.6376596267014166
CICIDS-2017,Idle Max,False,0.6273423669619961
CICIDS-2017,Idle Mean,False,0.6268733690706797
CICIDS-2017,Idle Min,False,0.6255499851718475
CICIDS-2017,Init_Win_bytes_backward,False,0.6072788356598081
CICIDS-2017,dir_entropy_pkts,True,0.6047228992978128
CICIDS-2017,Fwd IAT Max,False,0.6032856173614952
CICIDS-2017,PSH Flag Count,False,0.6012209089428253
CICIDS-2017,Bwd IAT Std,False,0.599708827353845
CICIDS-2017,ade_bwd_iat_gauss,True,0.599708827353845
CICIDS-2017,Fwd IAT Mean,False,0.5995437010207497
CICIDS-2017,Fwd Header Length,False,0.5944009421653876
CICIDS-2017,Fwd Header Length.1,False,0.5944009421653876
CICIDS-2017,Flow IAT Std,False,0.5897175218764178
CICIDS-2017,mde_score,True,0.5879448217938206
CICIDS-2017,log_byte_rate,True,0.5878287085577041
CICIDS-2017,Flow Bytes/s,False,0.5877848394435721
CICIDS-2017,Fwd IAT Total,False,0.5860309071286487
CICIDS-2017,Active Min,False,0.579229157973758
CICIDS-2017,Active Mean,False,0.5789973934465397
CICIDS-2017,Active Max,False,0.5786472569373041
CICIDS-2017,ACK Flag Count,False,0.5742908647896836
CICIDS-2017,Fwd IAT Min,False,0.5709158188410952
CICIDS-2017,Bwd Packets/s,False,0.5702180058441284
CICIDS-2017,min_seg_size_forward,False,0.5670112821314351
CICIDS-2017,Packet Length Variance,False,0.5664617230195638
CICIDS-2017,Packet Length Std,False,0.5664091258410199
CICIDS-2017,Flow IAT Mean,False,0.5658700175825142
CICIDS-2017,ade_fwd_pkt_gauss,True,0.5654616217055204
CICIDS-2017,Fwd Packet Length Std,False,0.5654616217055203
CICIDS-2017,Fwd Packets/s,False,0.5618187429732464
CICIDS-2017,Flow IAT Max,False,0.5610944527449288
CICIDS-2017,Bwd Packet Length Max,False,0.5600437362980306
CICIDS-2017,Flow Packets/s,False,0.5588883733051848
CICIDS-2017,Bwd Packet Length Mean,False,0.5582426718333604
CICIDS-2017,Avg Bwd Segment Size,False,0.5582426715876777
CICIDS-2017,ade_fwd_pkt_range,True,0.5549150034715987
CICIDS-2017,URG Flag Count,False,0.5536956737775728
CICIDS-2017,Total Fwd Packets,False,0.5470063258993555
CICIDS-2017,Subflow Fwd Packets,False,0.5470063258993555
CICIDS-2017,Flow IAT Min,False,0.544467161931055
CICIDS-2017,FIN Flag Count,False,0.5437365392295251
CICIDS-2017,Active Std,False,0.5423829203200637
CICIDS-2017,Total Length of Bwd Packets,False,0.5413087872348329
CICIDS-2017,Subflow Bwd Bytes,False,0.5413087872348327
CICIDS-2017,Flow Duration,False,0.5412331881304596
CICIDS-2017,jsd_iat,True,0.5394851089002574
CICIDS-2017,Max Packet Length,False,0.5373257979383504
CICIDS-2017,Down/Up Ratio,False,0.5350512618220941
CICIDS-2017,act_data_pkt_fwd,False,0.5292457813301465
CICIDS-2017,Idle Std,False,0.5258535493195116
CICIDS-2017,Bwd Header Length,False,0.5239271365265115
CICIDS-2017,jsd_pkt_len,True,0.5227448562230659
CICIDS-2017,Fwd PSH Flags,False,0.5213412585605265
CICIDS-2017,SYN Flag Count,False,0.5213412585605265
CICIDS-2017,Bwd IAT Min,False,0.520291546403342
CICIDS-2017,Packet Length Mean,False,0.5160539165662283
CICIDS-2017,Average Packet Size,False,0.515371476369677
CICIDS-2017,Total Backward Packets,False,0.5125900787788473
CICIDS-2017,Subflow Bwd Packets,False,0.5125900787788473
CICIDS-2017,Bwd IAT Max,False,0.5039259055821648
CICIDS-2017,Bwd IAT Total,False,0.5037555326322483
CICIDS-2017,Bwd IAT Mean,False,0.5022309423510809
CICIDS-2017,RST Flag Count,False,0.5001372291782168
CICIDS-2017,ECE Flag Count,False,0.5001372291782168
CICIDS-2017,Fwd URG Flags,False,0.500065870005544
CICIDS-2017,CWE Flag Count,False,0.500065870005544
CICIDS-2018,Fwd Seg Size Min,False,0.605423480828376
CICIDS-2018,mde_score,True,0.5898230967837306
CICIDS-2018,Fwd Pkt Len Mean,False,0.5892862060620166
CICIDS-2018,Fwd Seg Size Avg,False,0.5892862060620166
CICIDS-2018,TotLen Fwd Pkts,False,0.5877340618753591
CICIDS-2018,Subflow Fwd Byts,False,0.5877340618753591
CICIDS-2018,Fwd Pkt Len Max,False,0.5870365711874612
CICIDS-2018,Pkt Len Mean,False,0.5845553810952947
CICIDS-2018,Pkt Len Max,False,0.583439640930741
CICIDS-2018,Pkt Size Avg,False,0.5824783272917233
CICIDS-2018,Pkt Len Std,False,0.5805206610228373
CICIDS-2018,Pkt Len Var,False,0.5805206610228373
CICIDS-2018,Flow Byts/s,False,0.5771219152020373
CICIDS-2018,log_byte_rate,True,0.5771219152020373
CICIDS-2018,TotLen Bwd Pkts,False,0.5736507140722624
CICIDS-2018,Subflow Bwd Byts,False,0.5736507140722624
CICIDS-2018,Bwd Pkt Len Max,False,0.5734455333635409
CICIDS-2018,jsd_pkt_len,True,0.5733792617228793
CICIDS-2018,Fwd IAT Max,False,0.5719973902341908
CICIDS-2018,Fwd IAT Mean,False,0.5709781566678753
CICIDS-2018,Bwd Pkts/s,False,0.5709715327700636
CICIDS-2018,Fwd IAT Tot,False,0.570907021167598
CICIDS-2018,Flow Pkts/s,False,0.5703145865261612
CICIDS-2018,Flow IAT Max,False,0.5701669099296648
CICIDS-2018,Flow Duration,False,0.5699357806448164
CICIDS-2018,Fwd Pkts/s,False,0.5694465971418881
CICIDS-2018,Tot Fwd Pkts,False,0.5689263924708688
CICIDS-2018,Subflow Fwd Pkts,False,0.5689263924708688
CICIDS-2018,Bwd Pkt Len Mean,False,0.5675098583254152
CICIDS-2018,Bwd Seg Size Avg,False,0.5675098583254152
CICIDS-2018,Flow IAT Mean,False,0.5661843913099915
CICIDS-2018,PSH Flag Cnt,False,0.5610258329617208
CICIDS-2018,Fwd IAT Min,False,0.5602533473146323
CICIDS-2018,flag_entropy,True,0.556185017814965
CICIDS-2018,Flow IAT Std,False,0.5546251995802374
CICIDS-2018,Fwd Act Data Pkts,False,0.5538597108657992
CICIDS-2018,jsd_iat,True,0.5537965765889001
CICIDS-2018,Fwd IAT Std,False,0.5493375580907183
CICIDS-2018,ade_fwd_iat_gauss,True,0.5493375580907183
CICIDS-2018,Down/Up Ratio,False,0.5490782008900998
CICIDS-2018,ade_fwd_pkt_range,True,0.5479228638252334
CICIDS-2018,Fwd Pkt Len Std,False,0.5466037586374501
CICIDS-2018,ade_fwd_pkt_gauss,True,0.5466037586374501
CICIDS-2018,dir_entropy_pkts,True,0.5446836057945191
CICIDS-2018,Bwd IAT Tot,False,0.5358503297478409
CICIDS-2018,ade_bwd_pkt_range,True,0.535800275224928
CICIDS-2018,Fwd Pkt Len Min,False,0.5357852681609327
CICIDS-2018,Pkt Len Min,False,0.535434956884475
CICIDS-2018,Bwd IAT Max,False,0.535348350666051
CICIDS-2018,Bwd Pkt Len Std,False,0.5352239281508155
CICIDS-2018,ade_bwd_pkt_gauss,True,0.5352239281508155
CICIDS-2018,Bwd IAT Mean,False,0.5349722435685935
CICIDS-2018,Bwd Pkt Len Min,False,0.5334413850225772
CICIDS-2018,Bwd IAT Std,False,0.5322335189996936
CICIDS-2018,ade_bwd_iat_gauss,True,0.5322335189996936
CICIDS-2018,Protocol,False,0.5300619815860502
CICIDS-2018,Bwd IAT Min,False,0.5299381970351718
CICIDS-2018,Tot Bwd Pkts,False,0.5275272436184781
CICIDS-2018,Subflow Bwd Pkts,False,0.5275272436184781
CICIDS-2018,Flow IAT Min,False,0.5237155270059364
CICIDS-2018,Idle Mean,False,0.5233450293978728
CICIDS-2018,Idle Min,False,0.5231013320722175
CICIDS-2018,Idle Max,False,0.522729462637332
CICIDS-2018,ACK Flag Cnt,False,0.5221066726158099
CICIDS-2018,RST Flag Cnt,False,0.5140759721169127
CICIDS-2018,ECE Flag Cnt,False,0.5140759721169127
CICIDS-2018,Init Fwd Win Byts,False,0.5135582866407796
CICIDS-2018,Active Std,False,0.5102969777641146
CICIDS-2018,Idle Std,False,0.509789278558188
CICIDS-2018,Fwd Header Len,False,0.5083259109444779
CICIDS-2018,Active Min,False,0.5080531189909168
CICIDS-2018,Bwd Header Len,False,0.5080348066314967
CICIDS-2018,Active Mean,False,0.5079281097596242
CICIDS-2018,Active Max,False,0.5079087359225318
CICIDS-2018,Init Bwd Win Byts,False,0.5068826550993959
CICIDS-2018,Fwd URG Flags,False,0.5044082968675648
CICIDS-2018,CWE Flag Count,False,0.5044082968675648
CICIDS-2018,URG Flag Cnt,False,0.502642734632711
CICIDS-2018,Fwd PSH Flags,False,0.501051232851109
CICIDS-2018,SYN Flag Cnt,False,0.501051232851109
CICIDS-2018,FIN Flag Cnt,False,0.5007066512666037
NSL-KDD,dst_bytes,False,0.8798768914739694
NSL-KDD,log_dst_bytes,True,0.8798768914739694
NSL-KDD,dst_host_srv_count,False,0.8533380174457066
NSL-KDD,dst_host_same_srv_rate,False,0.841591659201849
NSL-KDD,dst_host_diff_srv_rate,False,0.8360367443876733
NSL-KDD,dst_host_rerror_rate,False,0.8047499606868853
NSL-KDD,src_bytes,False,0.8038947575102011
NSL-KDD,log_src_bytes,True,0.8038947575102011
NSL-KDD,flag,False,0.7843067799754204
NSL-KDD,logged_in,False,0.7763952127495289
NSL-KDD,dst_host_srv_rerror_rate,False,0.7593030532839328
NSL-KDD,conn_state_entropy,True,0.7422768496576704
NSL-KDD,same_srv_rate,False,0.7358054740626405
NSL-KDD,diff_srv_rate,False,0.7283047596781298
NSL-KDD,rerror_rate,False,0.7165638178454345
NSL-KDD,srv_diversity_entropy,True,0.7137091605306551
NSL-KDD,srv_rerror_rate,False,0.7114556365874738
NSL-KDD,service,False,0.6907890148730076
NSL-KDD,mde_score,True,0.6878349483586922
NSL-KDD,dst_host_count,False,0.6840957911010741
NSL-KDD,dst_host_srv_diff_host_rate,False,0.6777457631768665
NSL-KDD,dst_host_same_src_port_rate,False,0.6572482177459557
NSL-KDD,dir_entropy_bytes,True,0.6438316910654324
NSL-KDD,dst_host_serror_rate,False,0.643684701702951
NSL-KDD,byte_asym_jsd,True,0.6354911119782183
NSL-KDD,srv_diff_host_rate,False,0.6283790351250091
NSL-KDD,srv_count,False,0.6283500633435244
NSL-KDD,serror_rate,False,0.6224191813880109
NSL-KDD,dst_host_srv_serror_rate,False,0.6179230505792579
NSL-KDD,srv_serror_rate,False,0.6035802132738777
NSL-KDD,duration,False,0.6018066355177286
NSL-KDD,count,False,0.588493674630789
NSL-KDD,protocol_type,False,0.5842913099027089
NSL-KDD,hot,False,0.5329503200428967
NSL-KDD,is_guest_login,False,0.5209948722795402
NSL-KDD,num_failed_logins,False,0.5181659569603304
NSL-KDD,num_compromised,False,0.5127288029491404
NSL-KDD,num_access_files,False,0.5018976697419605
NSL-KDD,num_root,False,0.5012365104982124
NSL-KDD,num_file_creations,False,0.5010939385199459
NSL-KDD,wrong_fragment,False,0.5008126542578853
NSL-KDD,num_shells,False,0.5007402789682849
NSL-KDD,root_shell,False,0.5005148118262933
NSL-KDD,is_host_login,False,0.500428582560586
NSL-KDD,urgent,False,0.5003896205096237
NSL-KDD,land,False,0.5002727343567366
NSL-KDD,su_attempted,False,0.5001155099832362
UNSW-NB15,ct_state_ttl,False,0.9887953020783917
UNSW-NB15,sttl,False,0.9887935709147593
UNSW-NB15,Dload,False,0.9469742592229402
UNSW-NB15,log_dload,True,0.9469742592229402
UNSW-NB15,dir_entropy_pkts,True,0.8857290694641804
UNSW-NB15,dmeansz,False,0.8743113149956143
UNSW-NB15,ttl_asym_entropy,True,0.8554439911503556
UNSW-NB15,state,False,0.8240213841003268
UNSW-NB15,dbytes,False,0.8211576690093161
UNSW-NB15,Dpkts,False,0.8068754757008323
UNSW-NB15,dir_entropy_bytes,True,0.7806532213079408
UNSW-NB15,sbytes,False,0.7347273459208765
UNSW-NB15,Spkts,False,0.7324092312222434
UNSW-NB15,ct_dst_sport_ltm,False,0.7266465121738029
UNSW-NB15,dloss,False,0.7263160746746985
UNSW-NB15,ct_src_dport_ltm,False,0.7163974534028759
UNSW-NB15,jsd_iat,True,0.7115933472562934
UNSW-NB15,sloss,False,0.6988580811888763
UNSW-NB15,mde_score,True,0.6778089672234355
UNSW-NB15,ct_dst_src_ltm,False,0.6378922512160532
UNSW-NB15,dtcpb,False,0.6342672629336754
UNSW-NB15,swin,False,0.6341280322390214
UNSW-NB15,dwin,False,0.6331847533341581
UNSW-NB15,stcpb,False,0.6304073902383737
UNSW-NB15,dur,False,0.6074454903132681
UNSW-NB15,Dintpkt,False,0.5926741178530843
UNSW-NB15,Sload,False,0.5925663678659276
UNSW-NB15,log_sload,True,0.5925663678659276
UNSW-NB15,smeansz,False,0.5919108701215632
UNSW-NB15,ade_pkt_range,True,0.5919108701215632
UNSW-NB15,Djit,False,0.5894049247157116
UNSW-NB15,ade_dst_iat,True,0.5894049247157116
UNSW-NB15,ct_dst_ltm,False,0.5821715641132696
UNSW-NB15,proto,False,0.5758848193174526
UNSW-NB15,dttl,False,0.5613956927059126
UNSW-NB15,ct_src_ ltm,False,0.5519974583834351
UNSW-NB15,Sintpkt,False,0.5505023840143154
UNSW-NB15,ct_srv_src,False,0.5404168387165484
UNSW-NB15,Sjit,False,0.5373487724835697
UNSW-NB15,ade_src_iat,True,0.5373487724835697
UNSW-NB15,service,False,0.5278000013053004
UNSW-NB15,jsd_pkt_sz,True,0.5254373822472378
UNSW-NB15,res_bdy_len,False,0.5203228481623285
UNSW-NB15,ct_srv_dst,False,0.5115349912178448
UNSW-NB15,ct_flw_http_mthd,False,0.5097704713289878
UNSW-NB15,trans_depth,False,0.509591323238695
UNSW-NB15,tcprtt,False,0.5073203402720983
UNSW-NB15,ackdat,False,0.5072219971976879
UNSW-NB15,synack,False,0.5070432042365819
UNSW-NB15,ct_ftp_cmd,False,0.5059504527696594
UNSW-NB15,is_ftp_login,False,0.5058989674236058
UNSW-NB15,is_sm_ips_ports,False,0.501374264269129
