ablation,window,flow_start,flow_end,n_flows,n_attack,latency_ms,fixed_n,fixed_n_attack,fixed_n_benign,fixed_tn,fixed_fp,fixed_fn,fixed_tp,fixed_acc,fixed_prec,fixed_rec,fixed_f1,fixed_prec_macro,fixed_rec_macro,fixed_f1_macro,fixed_prec_attack,fixed_rec_attack,fixed_f1_attack,fixed_dr,fixed_far,fixed_fnr,fixed_tnr,fixed_bal_acc,fixed_mcc,fixed_auc,fixed_prauc,youden_n,youden_n_attack,youden_n_benign,youden_tn,youden_fp,youden_fn,youden_tp,youden_acc,youden_prec,youden_rec,youden_f1,youden_prec_macro,youden_rec_macro,youden_f1_macro,youden_prec_attack,youden_rec_attack,youden_f1_attack,youden_dr,youden_far,youden_fnr,youden_tnr,youden_bal_acc,youden_mcc,youden_auc,youden_prauc
conventional,1,0,35162,35162,7,99.366,35162,7,35155,35144,11,6,1,0.9995,0.9996,0.9995,0.9996,0.5416,0.5713,0.5525,0.0833,0.1429,0.1053,0.1429,0.0003,0.8571,0.9997,0.5713,0.1089,0.9974,0.1351,35162,7,35155,35144,11,6,1,0.9995,0.9996,0.9995,0.9996,0.5416,0.5713,0.5525,0.0833,0.1429,0.1053,0.1429,0.0003,0.8571,0.9997,0.5713,0.1089,0.9974,0.1351
conventional,2,35162,70324,35162,365,94.912,35162,365,34797,34792,5,315,50,0.9909,0.9902,0.9909,0.9876,0.9501,0.5684,0.6168,0.9091,0.137,0.2381,0.137,0.0001,0.863,0.9999,0.5684,0.351,0.9069,0.3872,35162,365,34797,34792,5,329,36,0.9905,0.9895,0.9905,0.9867,0.9343,0.5492,0.5863,0.878,0.0986,0.1773,0.0986,0.0001,0.9014,0.9999,0.5492,0.2925,0.9069,0.3872
conventional,3,70324,105486,35162,17541,93.379,35162,17541,17621,17618,3,17538,3,0.5011,0.5006,0.5011,0.3347,0.5006,0.5,0.334,0.5,0.0002,0.0003,0.0002,0.0002,0.9998,0.9998,0.5,0.0,0.6992,0.5865,35162,17541,17621,17618,3,17538,3,0.5011,0.5006,0.5011,0.3347,0.5006,0.5,0.334,0.5,0.0002,0.0003,0.0002,0.0002,0.9998,0.9998,0.5,0.0,0.6992,0.5865
conventional,4,105486,140648,35162,34738,88.295,35162,34738,424,424,0,34738,0,0.0121,0.0001,0.0121,0.0003,0.006,0.5,0.0119,0.0,0.0,0.0,0.0,0.0,1.0,1.0,0.5,0.0,0.7016,0.9866,35162,34738,424,424,0,34738,0,0.0121,0.0001,0.0121,0.0003,0.006,0.5,0.0119,0.0,0.0,0.0,0.0,0.0,1.0,1.0,0.5,0.0,0.7016,0.9866
conventional,5,140648,175810,35162,33298,115.179,35162,33298,1864,1864,0,33289,9,0.0533,0.9498,0.0533,0.0059,0.5265,0.5001,0.0506,1.0,0.0003,0.0005,0.0003,0.0,0.9997,1.0,0.5001,0.0038,0.8788,0.9827,35162,33298,1864,1864,0,33292,6,0.0532,0.9498,0.0532,0.0057,0.5265,0.5001,0.0505,1.0,0.0002,0.0004,0.0002,0.0,0.9998,1.0,0.5001,0.0031,0.8788,0.9827
conventional,6,175810,210972,35162,33388,134.259,35162,33388,1774,1774,0,33374,14,0.0509,0.9521,0.0509,0.0056,0.5252,0.5002,0.0485,1.0,0.0004,0.0008,0.0004,0.0,0.9996,1.0,0.5002,0.0046,0.9499,0.9905,35162,33388,1774,1774,0,33377,11,0.0508,0.9521,0.0508,0.0055,0.5252,0.5002,0.0484,1.0,0.0003,0.0007,0.0003,0.0,0.9997,1.0,0.5002,0.0041,0.9499,0.9905
conventional,7,210972,246134,35162,23467,130.474,35162,23467,11695,11689,6,23443,24,0.3331,0.6446,0.3331,0.1674,0.5664,0.5003,0.2506,0.8,0.001,0.002,0.001,0.0005,0.999,0.9995,0.5003,0.0082,0.8433,0.84,35162,23467,11695,11689,6,23448,19,0.333,0.6179,0.333,0.1671,0.5463,0.5001,0.2504,0.76,0.0008,0.0016,0.0008,0.0005,0.9992,0.9995,0.5001,0.0052,0.8433,0.84
conventional,8,246134,281296,35162,16126,101.527,35162,16126,19036,19034,2,16039,87,0.5438,0.7421,0.5438,0.3858,0.7601,0.5026,0.3571,0.9775,0.0054,0.0107,0.0054,0.0001,0.9946,0.9999,0.5026,0.0525,0.6824,0.5468,35162,16126,19036,19034,2,16061,65,0.5432,0.7386,0.5432,0.3844,0.7563,0.502,0.3556,0.9701,0.004,0.008,0.004,0.0001,0.996,0.9999,0.502,0.0449,0.6824,0.5468
conventional,9,281296,316458,35162,7364,86.985,35162,7364,27798,27788,10,5763,1601,0.8358,0.8629,0.8358,0.7909,0.911,0.6085,0.6313,0.9938,0.2174,0.3568,0.2174,0.0004,0.7826,0.9996,0.6085,0.4224,0.9765,0.9328,35162,7364,27798,27789,9,5763,1601,0.8358,0.863,0.8358,0.7909,0.9113,0.6085,0.6314,0.9944,0.2174,0.3568,0.2174,0.0003,0.7826,0.9997,0.6085,0.4226,0.9765,0.9328
conventional,10,316458,351620,35162,25356,110.794,35162,25356,9806,9806,0,20659,4697,0.4125,0.8109,0.4125,0.3612,0.6609,0.5926,0.3998,1.0,0.1852,0.3126,0.1852,0.0,0.8148,1.0,0.5926,0.2442,0.8848,0.9585,35162,25356,9806,9806,0,20659,4697,0.4125,0.8109,0.4125,0.3612,0.6609,0.5926,0.3998,1.0,0.1852,0.3126,0.1852,0.0,0.8148,1.0,0.5926,0.2442,0.8848,0.9585
conventional,11,351620,386782,35162,26692,112.53,35162,26692,8470,8470,0,22391,4301,0.3632,0.8252,0.3632,0.3144,0.6372,0.5806,0.3541,1.0,0.1611,0.2775,0.1611,0.0,0.8389,1.0,0.5806,0.2103,0.8491,0.954,35162,26692,8470,8470,0,22391,4301,0.3632,0.8252,0.3632,0.3144,0.6372,0.5806,0.3541,1.0,0.1611,0.2775,0.1611,0.0,0.8389,1.0,0.5806,0.2103,0.8491,0.954
conventional,12,386782,421944,35162,24672,114.434,35162,24672,10490,10490,0,18606,6066,0.4708,0.8092,0.4708,0.4351,0.6803,0.6229,0.4623,1.0,0.2459,0.3947,0.2459,0.0,0.7541,1.0,0.6229,0.2977,0.8447,0.9382,35162,24672,10490,10490,0,18606,6066,0.4708,0.8092,0.4708,0.4351,0.6803,0.6229,0.4623,1.0,0.2459,0.3947,0.2459,0.0,0.7541,1.0,0.6229,0.2977,0.8447,0.9382
conventional,13,421944,457106,35162,24338,119.309,35162,24338,10824,10824,0,19706,4632,0.4396,0.8013,0.4396,0.3825,0.6773,0.5952,0.4216,1.0,0.1903,0.3198,0.1903,0.0,0.8097,1.0,0.5952,0.2598,0.8191,0.9139,35162,24338,10824,10824,0,19706,4632,0.4396,0.8013,0.4396,0.3825,0.6773,0.5952,0.4216,1.0,0.1903,0.3198,0.1903,0.0,0.8097,1.0,0.5952,0.2598,0.8191,0.9139
conventional,14,457106,492268,35162,19605,95.557,35162,19605,15557,15549,8,17698,1907,0.4964,0.7622,0.4964,0.3807,0.7318,0.5484,0.4072,0.9958,0.0973,0.1772,0.0973,0.0005,0.9027,0.9995,0.5484,0.2118,0.8788,0.8975,35162,19605,15557,15550,7,17703,1902,0.4963,0.7624,0.4963,0.3805,0.732,0.5483,0.407,0.9963,0.097,0.1768,0.097,0.0004,0.903,0.9996,0.5483,0.2117,0.8788,0.8975
conventional,16,527430,562592,35162,2,107.554,35162,2,35160,35155,5,2,0,0.9998,0.9999,0.9998,0.9998,0.5,0.4999,0.5,0.0,0.0,0.0,0.0,0.0001,1.0,0.9999,0.4999,-0.0001,0.8523,0.0003,35162,2,35160,35157,3,2,0,0.9999,0.9999,0.9999,0.9999,0.5,0.5,0.5,0.0,0.0,0.0,0.0,0.0001,1.0,0.9999,0.5,-0.0001,0.8523,0.0003
conventional,17,562592,597754,35162,168,91.945,35162,168,34994,34989,5,168,0,0.9951,0.9905,0.9951,0.9928,0.4976,0.4999,0.4988,0.0,0.0,0.0,0.0,0.0001,1.0,0.9999,0.4999,-0.0008,0.8063,0.0129,35162,168,34994,34992,2,168,0,0.9952,0.9905,0.9952,0.9928,0.4976,0.5,0.4988,0.0,0.0,0.0,0.0,0.0001,1.0,0.9999,0.5,-0.0005,0.8063,0.0129
conventional,18,597754,632916,35162,1264,96.971,35162,1264,33898,33891,7,1264,0,0.9639,0.9294,0.9639,0.9463,0.482,0.4999,0.4908,0.0,0.0,0.0,0.0,0.0002,1.0,0.9998,0.4999,-0.0027,0.817,0.0921,35162,1264,33898,33891,7,1264,0,0.9639,0.9294,0.9639,0.9463,0.482,0.4999,0.4908,0.0,0.0,0.0,0.0,0.0002,1.0,0.9998,0.4999,-0.0027,0.817,0.0921
conventional,19,632916,668078,35162,174,98.162,35162,174,34988,34974,14,174,0,0.9947,0.9901,0.9947,0.9924,0.4975,0.4998,0.4987,0.0,0.0,0.0,0.0,0.0004,1.0,0.9996,0.4998,-0.0014,0.8634,0.0245,35162,174,34988,34975,13,174,0,0.9947,0.9901,0.9947,0.9924,0.4975,0.4998,0.4987,0.0,0.0,0.0,0.0,0.0004,1.0,0.9996,0.4998,-0.0014,0.8634,0.0245
conventional,20,668078,703245,35167,358,98.029,35167,358,34809,34784,25,358,0,0.9891,0.9797,0.9891,0.9844,0.4949,0.4996,0.4973,0.0,0.0,0.0,0.0,0.0007,1.0,0.9993,0.4996,-0.0027,0.8651,0.0537,35167,358,34809,34788,21,358,0,0.9892,0.9797,0.9892,0.9845,0.4949,0.4997,0.4973,0.0,0.0,0.0,0.0,0.0006,1.0,0.9994,0.4997,-0.0025,0.8651,0.0537
entropy_only,1,0,35162,35162,7,184.037,35162,7,35155,34320,835,7,0,0.9761,0.9996,0.9761,0.9877,0.4999,0.4881,0.4939,0.0,0.0,0.0,0.0,0.0238,1.0,0.9762,0.4881,-0.0022,0.826,0.0012,35162,7,35155,34314,841,7,0,0.9759,0.9996,0.9759,0.9876,0.4999,0.488,0.4939,0.0,0.0,0.0,0.0,0.0239,1.0,0.9761,0.488,-0.0022,0.826,0.0012
entropy_only,2,35162,70324,35162,365,115.003,35162,365,34797,34099,698,347,18,0.9703,0.9799,0.9703,0.975,0.5075,0.5146,0.5091,0.0251,0.0493,0.0333,0.0493,0.0201,0.9507,0.9799,0.5146,0.021,0.7764,0.0433,35162,365,34797,34088,709,347,18,0.97,0.9799,0.97,0.9749,0.5073,0.5145,0.5089,0.0248,0.0493,0.033,0.0493,0.0204,0.9507,0.9796,0.5145,0.0206,0.7764,0.0433
entropy_only,3,70324,105486,35162,17541,151.454,35162,17541,17621,17168,453,17540,1,0.4883,0.249,0.4883,0.3289,0.2484,0.4872,0.3281,0.0022,0.0001,0.0001,0.0001,0.0257,0.9999,0.9743,0.4872,-0.1136,0.4646,0.5186,35162,17541,17621,17165,456,17540,1,0.4882,0.249,0.4882,0.3288,0.2484,0.4871,0.3281,0.0022,0.0001,0.0001,0.0001,0.0259,0.9999,0.9741,0.4871,-0.114,0.4646,0.5186
entropy_only,4,105486,140648,35162,34738,124.924,35162,34738,424,356,68,34738,0,0.0101,0.0001,0.0101,0.0002,0.0051,0.4198,0.01,0.0,0.0,0.0,0.0,0.1604,1.0,0.8396,0.4198,-0.3984,0.2314,0.9777,35162,34738,424,356,68,34738,0,0.0101,0.0001,0.0101,0.0002,0.0051,0.4198,0.01,0.0,0.0,0.0,0.0,0.1604,1.0,0.8396,0.4198,-0.3984,0.2314,0.9777
entropy_only,5,140648,175810,35162,33298,191.56,35162,33298,1864,1825,39,33298,0,0.0519,0.0028,0.0519,0.0052,0.026,0.4895,0.0493,0.0,0.0,0.0,0.0,0.0209,1.0,0.9791,0.4895,-0.1408,0.3932,0.9187,35162,33298,1864,1825,39,33298,0,0.0519,0.0028,0.0519,0.0052,0.026,0.4895,0.0493,0.0,0.0,0.0,0.0,0.0209,1.0,0.9791,0.4895,-0.1408,0.3932,0.9187
entropy_only,6,175810,210972,35162,33388,96.406,35162,33388,1774,1754,20,33388,0,0.0499,0.0025,0.0499,0.0048,0.025,0.4944,0.0475,0.0,0.0,0.0,0.0,0.0113,1.0,0.9887,0.4944,-0.1035,0.4969,0.9331,35162,33388,1774,1754,20,33388,0,0.0499,0.0025,0.0499,0.0048,0.025,0.4944,0.0475,0.0,0.0,0.0,0.0,0.0113,1.0,0.9887,0.4944,-0.1035,0.4969,0.9331
entropy_only,7,210972,246134,35162,23467,126.788,35162,23467,11695,11281,414,23464,3,0.3209,0.1128,0.3209,0.1618,0.1659,0.4824,0.243,0.0072,0.0001,0.0003,0.0001,0.0354,0.9999,0.9646,0.4824,-0.1535,0.4477,0.6355,35162,23467,11695,11274,421,23464,3,0.3207,0.1127,0.3207,0.1617,0.1658,0.4821,0.2429,0.0071,0.0001,0.0003,0.0001,0.036,0.9999,0.964,0.4821,-0.1548,0.4477,0.6355
entropy_only,8,246134,281296,35162,16126,186.028,35162,16126,19036,18501,535,16109,17,0.5266,0.3035,0.5266,0.3743,0.2827,0.4865,0.3459,0.0308,0.0011,0.002,0.0011,0.0281,0.9989,0.9719,0.4865,-0.1084,0.4683,0.478,35162,16126,19036,18496,540,16109,17,0.5265,0.3034,0.5265,0.3743,0.2825,0.4863,0.3458,0.0305,0.0011,0.002,0.0011,0.0284,0.9989,0.9716,0.4863,-0.109,0.4683,0.478
entropy_only,9,281296,316458,35162,7364,108.159,35162,7364,27798,27130,668,3605,3759,0.8785,0.8757,0.8785,0.8664,0.8659,0.7432,0.7823,0.8491,0.5105,0.6376,0.5105,0.024,0.4895,0.976,0.7432,0.5966,0.9438,0.8303,35162,7364,27798,27127,671,3593,3771,0.8787,0.8759,0.8787,0.8668,0.866,0.744,0.783,0.8489,0.5121,0.6388,0.5121,0.0241,0.4879,0.9759,0.744,0.5976,0.9438,0.8303
entropy_only,10,316458,351620,35162,25356,126.183,35162,25356,9806,9642,164,14467,10889,0.5839,0.822,0.5839,0.5899,0.6925,0.7064,0.5834,0.9852,0.4294,0.5981,0.4294,0.0167,0.5706,0.9833,0.7064,0.3987,0.8544,0.9411,35162,25356,9806,9639,167,14401,10955,0.5857,0.8221,0.5857,0.592,0.693,0.7075,0.5851,0.985,0.432,0.6006,0.432,0.017,0.568,0.983,0.7075,0.4002,0.8544,0.9411
entropy_only,11,351620,386782,35162,26692,143.489,35162,26692,8470,8305,165,16634,10058,0.5222,0.8271,0.5222,0.5334,0.6584,0.6787,0.521,0.9839,0.3768,0.5449,0.3768,0.0195,0.6232,0.9805,0.6787,0.3365,0.8209,0.9382,35162,26692,8470,8305,165,16495,10197,0.5262,0.8277,0.5262,0.5381,0.6595,0.6813,0.5248,0.9841,0.382,0.5504,0.382,0.0195,0.618,0.9805,0.6813,0.3401,0.8209,0.9382
entropy_only,12,386782,421944,35162,24672,157.472,35162,24672,10490,10387,103,14084,10588,0.5965,0.8215,0.5965,0.5974,0.7074,0.7097,0.5965,0.9904,0.4292,0.5988,0.4292,0.0098,0.5708,0.9902,0.7097,0.4171,0.8701,0.942,35162,24672,10490,10387,103,13983,10689,0.5994,0.8221,0.5994,0.6008,0.7083,0.7117,0.5994,0.9905,0.4332,0.6028,0.4332,0.0098,0.5668,0.9902,0.7117,0.42,0.8701,0.942
entropy_only,13,421944,457106,35162,24338,159.968,35162,24338,10824,10686,138,13604,10734,0.6092,0.8188,0.6092,0.6094,0.7136,0.7141,0.6092,0.9873,0.441,0.6097,0.441,0.0127,0.559,0.9873,0.7141,0.4278,0.8719,0.9396,35162,24338,10824,10685,139,13520,10818,0.6115,0.8193,0.6115,0.6121,0.7144,0.7158,0.6115,0.9873,0.4445,0.613,0.4445,0.0128,0.5555,0.9872,0.7158,0.4302,0.8719,0.9396
entropy_only,14,457106,492268,35162,19605,160.959,35162,19605,15557,15388,169,12616,6989,0.6364,0.7875,0.6364,0.6038,0.7629,0.6728,0.6144,0.9764,0.3565,0.5223,0.3565,0.0109,0.6435,0.9891,0.6728,0.4263,0.8895,0.9066,35162,19605,15557,15384,173,12579,7026,0.6373,0.7876,0.6373,0.6051,0.7631,0.6736,0.6156,0.976,0.3584,0.5243,0.3584,0.0111,0.6416,0.9889,0.6736,0.4274,0.8895,0.9066
entropy_only,16,527430,562592,35162,2,128.137,35162,2,35160,34341,819,2,0,0.9767,0.9999,0.9767,0.9881,0.5,0.4884,0.4941,0.0,0.0,0.0,0.0,0.0233,1.0,0.9767,0.4884,-0.0012,0.6609,0.0002,35162,2,35160,34327,833,2,0,0.9763,0.9999,0.9763,0.9879,0.5,0.4882,0.494,0.0,0.0,0.0,0.0,0.0237,1.0,0.9763,0.4882,-0.0012,0.6609,0.0002
entropy_only,17,562592,597754,35162,168,134.791,35162,168,34994,34346,648,168,0,0.9768,0.9904,0.9768,0.9835,0.4976,0.4907,0.4941,0.0,0.0,0.0,0.0,0.0185,1.0,0.9815,0.4907,-0.0095,0.3716,0.0041,35162,168,34994,34330,664,168,0,0.9763,0.9904,0.9763,0.9833,0.4976,0.4905,0.494,0.0,0.0,0.0,0.0,0.019,1.0,0.981,0.4905,-0.0096,0.3716,0.0041
entropy_only,18,597754,632916,35162,1264,222.051,35162,1264,33898,33408,490,1264,0,0.9501,0.9289,0.9501,0.9394,0.4818,0.4928,0.4872,0.0,0.0,0.0,0.0,0.0145,1.0,0.9855,0.4928,-0.023,0.4001,0.0341,35162,1264,33898,33394,504,1264,0,0.9497,0.9289,0.9497,0.9392,0.4818,0.4926,0.4871,0.0,0.0,0.0,0.0,0.0149,1.0,0.9851,0.4926,-0.0233,0.4001,0.0341
entropy_only,19,632916,668078,35162,174,147.616,35162,174,34988,34096,892,174,0,0.9697,0.99,0.9697,0.9797,0.4975,0.4873,0.4923,0.0,0.0,0.0,0.0,0.0255,1.0,0.9745,0.4873,-0.0114,0.5412,0.0053,35162,174,34988,34078,910,174,0,0.9692,0.99,0.9692,0.9795,0.4975,0.487,0.4922,0.0,0.0,0.0,0.0,0.026,1.0,0.974,0.487,-0.0115,0.5412,0.0053
entropy_only,20,668078,703245,35167,358,355.221,35167,358,34809,33831,978,358,0,0.962,0.9795,0.962,0.9707,0.4948,0.486,0.4903,0.0,0.0,0.0,0.0,0.0281,1.0,0.9719,0.486,-0.0172,0.6001,0.0129,35167,358,34809,33823,986,358,0,0.9618,0.9795,0.9618,0.9705,0.4948,0.4858,0.4903,0.0,0.0,0.0,0.0,0.0283,1.0,0.9717,0.4858,-0.0172,0.6001,0.0129
combined,1,0,35162,35162,7,116.413,35162,7,35155,35144,11,6,1,0.9995,0.9996,0.9995,0.9996,0.5416,0.5713,0.5525,0.0833,0.1429,0.1053,0.1429,0.0003,0.8571,0.9997,0.5713,0.1089,0.9971,0.1351,35162,7,35155,35144,11,6,1,0.9995,0.9996,0.9995,0.9996,0.5416,0.5713,0.5525,0.0833,0.1429,0.1053,0.1429,0.0003,0.8571,0.9997,0.5713,0.1089,0.9971,0.1351
combined,2,35162,70324,35162,365,104.261,35162,365,34797,34788,9,330,35,0.9904,0.9886,0.9904,0.9866,0.893,0.5478,0.5832,0.7955,0.0959,0.1711,0.0959,0.0003,0.9041,0.9997,0.5478,0.2742,0.9127,0.369,35162,365,34797,34793,4,331,34,0.9905,0.9896,0.9905,0.9866,0.9427,0.5465,0.582,0.8947,0.0932,0.1687,0.0932,0.0001,0.9068,0.9999,0.5465,0.287,0.9127,0.369
combined,3,70324,105486,35162,17541,104.228,35162,17541,17621,17618,3,17538,3,0.5011,0.5006,0.5011,0.3347,0.5006,0.5,0.334,0.5,0.0002,0.0003,0.0002,0.0002,0.9998,0.9998,0.5,0.0,0.724,0.6064,35162,17541,17621,17618,3,17538,3,0.5011,0.5006,0.5011,0.3347,0.5006,0.5,0.334,0.5,0.0002,0.0003,0.0002,0.0002,0.9998,0.9998,0.5,0.0,0.724,0.6064
combined,4,105486,140648,35162,34738,122.286,35162,34738,424,424,0,34738,0,0.0121,0.0001,0.0121,0.0003,0.006,0.5,0.0119,0.0,0.0,0.0,0.0,0.0,1.0,1.0,0.5,0.0,0.7416,0.9892,35162,34738,424,424,0,34738,0,0.0121,0.0001,0.0121,0.0003,0.006,0.5,0.0119,0.0,0.0,0.0,0.0,0.0,1.0,1.0,0.5,0.0,0.7416,0.9892
combined,5,140648,175810,35162,33298,192.082,35162,33298,1864,1864,0,33292,6,0.0532,0.9498,0.0532,0.0057,0.5265,0.5001,0.0505,1.0,0.0002,0.0004,0.0002,0.0,0.9998,1.0,0.5001,0.0031,0.9,0.987,35162,33298,1864,1864,0,33292,6,0.0532,0.9498,0.0532,0.0057,0.5265,0.5001,0.0505,1.0,0.0002,0.0004,0.0002,0.0,0.9998,1.0,0.5001,0.0031,0.9,0.987
combined,6,175810,210972,35162,33388,155.577,35162,33388,1774,1774,0,33377,11,0.0508,0.9521,0.0508,0.0055,0.5252,0.5002,0.0484,1.0,0.0003,0.0007,0.0003,0.0,0.9997,1.0,0.5002,0.0041,0.9573,0.9923,35162,33388,1774,1774,0,33379,9,0.0507,0.9521,0.0507,0.0054,0.5252,0.5001,0.0483,1.0,0.0003,0.0005,0.0003,0.0,0.9997,1.0,0.5001,0.0037,0.9573,0.9923
combined,7,210972,246134,35162,23467,147.676,35162,23467,11695,11687,8,23445,22,0.333,0.6001,0.333,0.1673,0.533,0.5001,0.2505,0.7333,0.0009,0.0019,0.0009,0.0007,0.9991,0.9993,0.5001,0.0041,0.8666,0.8595,35162,23467,11695,11689,6,23446,21,0.333,0.6297,0.333,0.1672,0.5552,0.5002,0.2505,0.7778,0.0009,0.0018,0.0009,0.0005,0.9991,0.9995,0.5002,0.0065,0.8666,0.8595
combined,8,246134,281296,35162,16126,118.045,35162,16126,19036,19034,2,16053,73,0.5434,0.7401,0.5434,0.3849,0.7579,0.5022,0.3562,0.9733,0.0045,0.009,0.0045,0.0001,0.9955,0.9999,0.5022,0.0478,0.7086,0.5662,35162,16126,19036,19034,2,16061,65,0.5432,0.7386,0.5432,0.3844,0.7563,0.502,0.3556,0.9701,0.004,0.008,0.004,0.0001,0.996,0.9999,0.502,0.0449,0.7086,0.5662
combined,9,281296,316458,35162,7364,139.118,35162,7364,27798,27785,13,5763,1601,0.8357,0.8625,0.8357,0.7908,0.9101,0.6085,0.6312,0.9919,0.2174,0.3566,0.2174,0.0005,0.7826,0.9995,0.6085,0.4218,0.9785,0.9261,35162,7364,27798,27790,8,5763,1601,0.8359,0.8632,0.8359,0.7909,0.9116,0.6086,0.6314,0.995,0.2174,0.3568,0.2174,0.0003,0.7826,0.9997,0.6086,0.4228,0.9785,0.9261
combined,10,316458,351620,35162,25356,170.588,35162,25356,9806,9806,0,20659,4697,0.4125,0.8109,0.4125,0.3612,0.6609,0.5926,0.3998,1.0,0.1852,0.3126,0.1852,0.0,0.8148,1.0,0.5926,0.2442,0.8922,0.9559,35162,25356,9806,9806,0,20659,4697,0.4125,0.8109,0.4125,0.3612,0.6609,0.5926,0.3998,1.0,0.1852,0.3126,0.1852,0.0,0.8148,1.0,0.5926,0.2442,0.8922,0.9559
combined,11,351620,386782,35162,26692,149.232,35162,26692,8470,8470,0,22391,4301,0.3632,0.8252,0.3632,0.3144,0.6372,0.5806,0.3541,1.0,0.1611,0.2775,0.1611,0.0,0.8389,1.0,0.5806,0.2103,0.8562,0.9501,35162,26692,8470,8470,0,22391,4301,0.3632,0.8252,0.3632,0.3144,0.6372,0.5806,0.3541,1.0,0.1611,0.2775,0.1611,0.0,0.8389,1.0,0.5806,0.2103,0.8562,0.9501
combined,12,386782,421944,35162,24672,132.402,35162,24672,10490,10490,0,18606,6066,0.4708,0.8092,0.4708,0.4351,0.6803,0.6229,0.4623,1.0,0.2459,0.3947,0.2459,0.0,0.7541,1.0,0.6229,0.2977,0.8431,0.924,35162,24672,10490,10490,0,18606,6066,0.4708,0.8092,0.4708,0.4351,0.6803,0.6229,0.4623,1.0,0.2459,0.3947,0.2459,0.0,0.7541,1.0,0.6229,0.2977,0.8431,0.924
combined,13,421944,457106,35162,24338,112.059,35162,24338,10824,10824,0,19706,4632,0.4396,0.8013,0.4396,0.3825,0.6773,0.5952,0.4216,1.0,0.1903,0.3198,0.1903,0.0,0.8097,1.0,0.5952,0.2598,0.8034,0.8777,35162,24338,10824,10824,0,19706,4632,0.4396,0.8013,0.4396,0.3825,0.6773,0.5952,0.4216,1.0,0.1903,0.3198,0.1903,0.0,0.8097,1.0,0.5952,0.2598,0.8034,0.8777
combined,14,457106,492268,35162,19605,123.219,35162,19605,15557,15549,8,17695,1910,0.4965,0.7622,0.4965,0.3809,0.7318,0.5485,0.4074,0.9958,0.0974,0.1775,0.0974,0.0005,0.9026,0.9995,0.5485,0.212,0.9006,0.8908,35162,19605,15557,15550,7,17702,1903,0.4964,0.7624,0.4964,0.3805,0.732,0.5483,0.407,0.9963,0.0971,0.1769,0.0971,0.0004,0.9029,0.9996,0.5483,0.2117,0.9006,0.8908
combined,16,527430,562592,35162,2,98.24,35162,2,35160,35156,4,2,0,0.9998,0.9999,0.9998,0.9999,0.5,0.4999,0.5,0.0,0.0,0.0,0.0,0.0001,1.0,0.9999,0.4999,-0.0001,0.8749,0.0004,35162,2,35160,35157,3,2,0,0.9999,0.9999,0.9999,0.9999,0.5,0.5,0.5,0.0,0.0,0.0,0.0,0.0001,1.0,0.9999,0.5,-0.0001,0.8749,0.0004
combined,17,562592,597754,35162,168,93.822,35162,168,34994,34989,5,168,0,0.9951,0.9905,0.9951,0.9928,0.4976,0.4999,0.4988,0.0,0.0,0.0,0.0,0.0001,1.0,0.9999,0.4999,-0.0008,0.8064,0.0125,35162,168,34994,34989,5,168,0,0.9951,0.9905,0.9951,0.9928,0.4976,0.4999,0.4988,0.0,0.0,0.0,0.0,0.0001,1.0,0.9999,0.4999,-0.0008,0.8064,0.0125
combined,18,597754,632916,35162,1264,104.853,35162,1264,33898,33891,7,1264,0,0.9639,0.9294,0.9639,0.9463,0.482,0.4999,0.4908,0.0,0.0,0.0,0.0,0.0002,1.0,0.9998,0.4999,-0.0027,0.8174,0.0917,35162,1264,33898,33891,7,1264,0,0.9639,0.9294,0.9639,0.9463,0.482,0.4999,0.4908,0.0,0.0,0.0,0.0,0.0002,1.0,0.9998,0.4999,-0.0027,0.8174,0.0917
combined,19,632916,668078,35162,174,101.591,35162,174,34988,34972,16,174,0,0.9946,0.9901,0.9946,0.9924,0.4975,0.4998,0.4986,0.0,0.0,0.0,0.0,0.0005,1.0,0.9995,0.4998,-0.0015,0.8596,0.0209,35162,174,34988,34976,12,174,0,0.9947,0.9901,0.9947,0.9924,0.4975,0.4998,0.4987,0.0,0.0,0.0,0.0,0.0003,1.0,0.9997,0.4998,-0.0013,0.8596,0.0209
combined,20,668078,703245,35167,358,116.331,35167,358,34809,34786,23,358,0,0.9892,0.9797,0.9892,0.9844,0.4949,0.4997,0.4973,0.0,0.0,0.0,0.0,0.0007,1.0,0.9993,0.4997,-0.0026,0.8655,0.0488,35167,358,34809,34788,21,358,0,0.9892,0.9797,0.9892,0.9845,0.4949,0.4997,0.4973,0.0,0.0,0.0,0.0,0.0006,1.0,0.9994,0.4997,-0.0025,0.8655,0.0488
